,SUBID,Non-irrigated arable land,Permanently irrigated land,Olive groves,Agro-forestry areas,Transitional woodland-shrub,Water bodies,Continuous urban fabric,Discontinuous urban fabric,Industrial or commercial units,Mineral extraction sites,Sport and leisure facilities,Rice fields,Vineyards,Pastures,Annual crops associated with permanent crops,Complex cultivation patterns,Land occupied by agriculture with natural vegetation,Broad-leaved forest,Coniferous forest,Mixed forest,Moors and heathland,Sclerophyllous vegetation,Sparsely vegetated areas,Dump sites,Construction sites,Fruit trees and berry plantations,Natural grasslands,Burnt areas,Airports,Road and rail networks,Inland marshes,Salt marshes,Salines,Estuaries,Sea and ocean,Bare rocks,Water courses,"Beaches, dunes, sands",Green urban areas,Port areas,Intertidal flats,Coastal lagoons
0,9500042.0,,,,,,,,,,,,,,,,,,,,,,,,,,,,,,,,,,,,,,,,,,
1,9500083.0,10.6,3.6999999999999997,1.4000000000000001,43.6,4.0,1.2,0.3,0.2,0.4,0.0,0.2,0.3,0.8999999999999999,11.0,3.5999999999999996,2.1999999999999997,0.5,8.3,2.9000000000000004,4.3999999999999995,0.1,0.0,,,,,,,,,,,,,,,,,,,,
2,9500088.0,4.5,0.6,5.3,42.4,7.5,0.1,0.4,0.4,0.5,,,,0.4,20.8,0.7000000000000001,1.7000000000000002,1.7999999999999998,12.2,,0.5,,0.3,0.1,,,,,,,,,,,,,,,,,,,
3,9538511.0,6.5,0.4,0.6,17.4,5.1,0.5,,,,,,,0.4,2.0,1.5,,,58.3,0.6,6.7,,,,,,,,,,,,,,,,,,,,,,
4,9538528.0,15.6,1.7999999999999998,8.4,42.199999999999996,4.3999999999999995,0.3,0.4,0.2,,,,,0.2,9.6,2.3,5.800000000000001,,6.7,0.2,0.2,,1.3,,0.2,,,,,,,,,,,,,,,,,,
5,9538562.0,4.0,0.8999999999999999,0.4,17.7,6.5,0.2,,0.0,,,,2.3,,,0.6,0.8,0.3,42.3,6.6000000000000005,17.299999999999997,0.1,,,,,,,,,,,,,,,,,,,,,
6,9538683.0,21.0,4.3,12.5,12.9,3.3000000000000003,0.6,0.0,0.7000000000000001,,,,,8.4,19.2,0.0,5.6000000000000005,0.8,8.7,0.6,,,0.7000000000000001,,,0.2,0.4,,,,,,,,,,,,,,,,
7,9538720.0,4.9,3.1,14.799999999999999,47.0,6.0,4.9,,,,,,,,,,,,19.3,,,,,,,,,,,,,,,,,,,,,,,,
8,9538738.0,15.299999999999999,0.4,4.8,46.1,7.000000000000001,0.3,0.4,0.0,0.2,0.2,,,2.6,3.1,1.9,3.9,0.6,12.8,,0.1,,0.5,,,,,0.1,,,,,,,,,,,,,,,
9,9538760.0,0.4,9.5,,10.7,13.200000000000001,0.8999999999999999,,,0.2,,1.2,2.0,0.5,2.4,,4.5,0.2,41.5,2.7,9.4,,,,,,,0.7000000000000001,,,,,,,,,,,,,,,
10,9538829.0,4.2,2.1,0.5,55.1,3.0,0.4,,0.4,,,,0.7000000000000001,,7.3999999999999995,0.3,0.6,,22.7,,2.7,,,,,,,,,,,,,,,,,,,,,,
11,9539020.0,18.2,3.2,15.299999999999999,35.699999999999996,5.800000000000001,0.3,,0.2,,0.1,,,1.5,2.8000000000000003,1.4000000000000001,1.4000000000000001,1.7000000000000002,11.1,,,,1.0999999999999999,,,,,0.2,,,,,,,,,,,,,,,
12,9539109.0,13.100000000000001,8.5,28.000000000000004,31.900000000000002,4.6,1.5,,0.4,,0.0,,,0.1,0.8,,2.1999999999999997,1.5,7.5,,,,,,,,,,,,,,,,,,,,,,,,
13,9539142.0,18.3,0.8,0.4,49.3,7.7,0.2,0.2,,,,,,1.7000000000000002,10.8,2.5,0.3,,7.8,,,,,,,,,,,,,,,,,,,,,,,,
14,9539147.0,10.299999999999999,4.1000000000000005,7.000000000000001,33.4,1.4000000000000001,0.2,0.1,0.2,,,,,0.5,37.7,0.1,1.0999999999999999,0.2,3.5999999999999996,,,,,,,,,0.1,,,,,,,,,,,,,,,
15,9539288.0,4.1000000000000005,1.4000000000000001,6.7,11.799999999999999,28.9,0.1,,0.3,,0.2,,,,8.5,0.4,3.0,4.8,24.099999999999998,0.1,3.8,0.1,0.7000000000000001,,,,,0.8999999999999999,0.2,,,,,,,,,,,,,,
16,9539314.0,22.0,1.4000000000000001,14.099999999999998,31.2,3.0,,0.4,0.4,0.1,,,,1.7000000000000002,12.1,1.4000000000000001,4.3999999999999995,1.2,5.7,,,,0.8999999999999999,,,,,,,,,,,,,,,,,,,,
17,9539385.0,9.6,5.6000000000000005,0.6,42.699999999999996,2.5,0.5,,0.3,0.2,,,1.0,0.3,3.0,1.6,2.0,0.4,16.2,0.3,13.3,,,,,,,,,,,,,,,,,,,,,,
18,9539454.0,9.9,1.7999999999999998,1.3,43.0,2.3,0.8999999999999999,0.2,0.2,0.1,,0.1,0.3,0.7000000000000001,13.600000000000001,1.9,0.4,0.0,17.9,0.0,4.2,,,,,,0.1,1.0,,,,,,,,,,,,,,,
19,9539171.0,7.7,0.8,4.2,8.5,17.9,,0.5,0.5,0.4,,0.1,0.2,,0.4,1.7000000000000002,3.5999999999999996,5.4,38.4,0.3,9.3,,,,,,,,,,,,,,,,,,,,,,
20,9000991.0,11.4,0.8,8.4,26.8,17.0,0.5,0.0,0.7000000000000001,0.1,,,,0.1,12.7,2.1,1.4000000000000001,1.3,15.1,,,,1.3,,,,,0.2,,,,,,,,,,,,,,,
21,9539056.0,3.4000000000000004,5.8999999999999995,,16.2,7.1,,,0.6,1.2,,,1.9,3.6999999999999997,3.3000000000000003,,12.9,0.8,34.2,1.9,6.800000000000001,,,,,,,,,,,,,,,,,,,,,,
22,9539045.0,21.8,,3.2,45.300000000000004,14.399999999999999,,,,,,,,,13.700000000000001,0.1,,,1.5,,,,,,,,,,,,,,,,,,,,,,,,
23,9538888.0,3.5999999999999996,,15.4,65.10000000000001,4.6,,,1.0999999999999999,,,,,,1.4000000000000001,2.0,,,6.9,,,,,,,,,,,,,,,,,,,,,,,,
24,9538529.0,3.5999999999999996,2.6,3.2,9.5,13.700000000000001,1.3,0.2,0.2,,,,1.0,0.1,0.4,1.0999999999999999,1.3,0.8999999999999999,47.8,0.2,11.600000000000001,,,,,,0.1,0.6,,0.5,,,,,,,,,,,,,
25,9000992.0,14.399999999999999,2.5,12.6,47.4,5.0,1.5,,0.2,,,,,1.5,8.799999999999999,1.2,,0.1,4.7,,,,0.0,,,,,,,,,,,,,,,,,,,,
26,9538600.0,8.3,7.5,14.399999999999999,26.400000000000002,2.0,0.6,0.5,0.1,,,,,0.5,25.0,2.1,3.2,,7.3999999999999995,0.1,,,1.2,,,0.4,,0.4,,,,,,,,,,,,,,,
27,9539377.0,5.5,4.3999999999999995,,10.2,4.0,0.3,,,,,,,,1.5,,1.4000000000000001,,32.1,3.3000000000000003,37.3,,,,,,,,,,,,,,,,,,,,,,
28,9539539.0,0.1,9.5,,3.1,12.7,,,,0.2,,,3.2,2.5,1.2,,4.8,,42.9,10.100000000000001,9.6,,,,,,,0.1,,,,,,,,,,,,,,,
29,9538756.0,2.3,6.3,,28.1,7.3,,,2.9000000000000004,1.7999999999999998,0.8,1.0999999999999999,16.400000000000002,,3.3000000000000003,,6.1,,13.100000000000001,2.1,7.000000000000001,,,,,0.2,0.3,0.0,,,0.6,,,,,,,,,,,,
30,9500074.0,5.3,0.1,9.5,8.6,4.2,44.9,,,,,,,,0.8,,0.4,,5.6000000000000005,,20.599999999999998,,,,,,,,,,,,,,,,,,,,,,
31,9539583.0,17.1,3.2,30.7,36.0,0.8999999999999999,2.1,0.4,0.3,,,,,0.5,0.3,3.4000000000000004,,0.2,4.8,,,,,,,,,,,,,,,,,,,,,,,,
32,9538808.0,3.3000000000000003,3.3000000000000003,3.1,17.9,8.1,1.3,,0.3,,,,0.5,,0.1,1.3,2.9000000000000004,4.5,36.5,1.0,15.4,0.3,,,,,,0.2,,,,,,,,,,,,,,,
33,9500024.0,5.5,3.0,24.099999999999998,17.0,3.9,30.3,1.5,1.2,,,,,0.7000000000000001,,,5.3,0.5,7.000000000000001,,,,,,,,,,,,,,,,,,,,,,,,
34,9539347.0,18.5,20.3,2.5,36.199999999999996,7.8,,,,,,,,,1.0,,,,12.3,,1.3,,,,,,,,,,,,,,,,,,,,,,
35,9539173.0,7.000000000000001,8.3,1.0,38.2,5.6000000000000005,0.4,0.4,0.5,,,,,0.4,1.7999999999999998,1.9,0.8,0.2,22.900000000000002,1.7000000000000002,7.7,,,,,,0.8,0.4,,,,,,,,,,,,,,,
36,9538909.0,,18.9,,4.2,7.3,,,1.0999999999999999,,,,4.1000000000000005,,0.3,,5.800000000000001,1.7999999999999998,41.6,2.0,12.9,,,,,,,,,,,,,,,,,,,,,,
37,9539203.0,1.4000000000000001,14.6,,3.4000000000000004,9.9,0.4,,,,,,3.3000000000000003,,1.2,,3.5999999999999996,6.800000000000001,25.7,5.4,23.599999999999998,,,,,,,0.8999999999999999,,,,,,,,,,,,,,,
38,9539274.0,5.2,26.3,,0.1,4.8,,0.6,1.0,0.4,,,15.9,,,,16.8,5.3,4.1000000000000005,,19.5,,,,,,,,,,,,,,,,,,,,,,
39,9539350.0,1.6,8.5,,10.5,8.5,0.4,0.3,0.4,0.5,0.1,0.5,12.4,0.2,2.6,0.2,11.799999999999999,0.8,14.799999999999999,2.0,24.0,,,,,,,0.0,,,,,,,,,,,,,,,
40,9000132.0,,26.0,,5.800000000000001,3.5999999999999996,0.6,0.8999999999999999,1.7000000000000002,1.5,,,21.4,0.6,14.899999999999999,,3.4000000000000004,,8.1,1.7000000000000002,0.3,,,,,0.0,,0.4,,,,0.3,3.0,1.0999999999999999,4.7,1.0999999999999999,,,,,,,
41,9500098.0,4.8,1.3,0.2,0.2,28.000000000000004,0.0,,0.5,,,,,0.3,0.3,,9.4,6.4,3.0,9.2,7.6,16.400000000000002,,8.1,,,4.0,0.2,,,,,,,,,0.1,,,,,,
42,9500131.0,,,,,0.8999999999999999,14.7,,,,,,,,,,1.6,,8.4,8.799999999999999,,,,,,,,,65.4,,,,,,,,,,,,,,
43,9500137.0,35.4,0.5,11.799999999999999,,6.9,0.6,,0.5,,,,,0.3,,,11.799999999999999,3.4000000000000004,11.700000000000001,1.9,1.0,,9.9,0.6,,,,3.5000000000000004,,,,,,,,,,,,,,,
44,9500145.0,75.9,,,,0.4,6.800000000000001,,,,,,,,,,1.5,1.9,,13.4,,,,,,,,,,,,,,,,,,,,,,,
45,9500179.0,,,,61.9,0.8,,,,,,,,,1.5,,,,,,,,30.7,,,,,5.2,,,,,,,,,,,,,,,
46,9500191.0,1.2,,5.4,6.7,23.3,,,0.4,,,,,,4.9,0.5,1.2,4.2,37.3,,,,13.900000000000002,,,,,,,,,,,,,,,1.0,,,,,
47,9500212.0,4.6,,,14.000000000000002,5.0,,,,,,,,,7.1,,,10.2,55.00000000000001,,,,3.6999999999999997,,,,,,,,,,,,,,,0.4,,,,,
48,9500466.0,20.0,,2.6,,6.4,3.2,,,,,,,,,,,2.8000000000000003,24.0,,31.0,,1.0,,,,,9.1,,,,,,,,,,,,,,,
49,9500470.0,17.2,,3.9,,7.6,1.5,,0.6,,,,,,0.4,,3.3000000000000003,3.2,23.799999999999997,3.2,10.8,,13.3,0.5,,,,10.8,,,,,,,,,,,,,,,
50,9500649.0,,,3.9,,69.0,3.5999999999999996,,1.0999999999999999,,,,,,,0.8,4.8,6.2,6.7,2.5,1.5,,,,,,,,,,,,,,,,,,,,,,
51,9500652.0,,,,,67.60000000000001,2.9000000000000004,,,,,,,,,3.5999999999999996,,0.1,0.8999999999999999,23.200000000000003,,1.7999999999999998,,,,,,,,,,,,,,,,,,,,,
52,9500704.0,,,,9.3,,65.60000000000001,0.2,1.7000000000000002,,,,,,9.3,,,,3.0,,,,,,,,,11.0,,,,,,,,,,,,,,,
53,9500872.0,1.4000000000000001,6.5,17.7,9.4,3.6999999999999997,0.0,0.7000000000000001,,,,,,,,,,,6.3,,,,8.799999999999999,1.9,,,,42.4,,,,,,,,,,1.0999999999999999,,,,,
54,9500877.0,17.4,,,7.7,0.2,0.1,,,,,,,,14.399999999999999,,,,,,,,9.5,,,,,50.7,,,,,,,,,,,,,,,
55,9500902.0,1.0999999999999999,,0.1,52.1,5.1,0.1,0.1,0.2,,,,,,,,0.2,1.5,1.9,,,,21.099999999999998,0.0,,,,16.6,,,,,,,,,,,,,,,
56,9500904.0,3.6999999999999997,,1.7000000000000002,41.199999999999996,8.5,,0.4,,,,,,,28.4,,,0.5,2.0,,,,9.0,,,,,3.5999999999999996,,,0.4,,,,,,,0.5,,,,,
57,9500914.0,,,3.3000000000000003,61.4,4.8,,0.8,,,,,,,,,2.6,5.8999999999999995,3.5000000000000004,,1.2,,6.4,1.2,,,,7.9,,,,,,,,,,1.0999999999999999,,,,,
58,9500916.0,0.8,,,15.0,14.2,4.3999999999999995,2.7,1.5,0.8999999999999999,,,,,23.1,,3.1,,,,,,12.9,,,,,21.4,,,,,,,,,,,,,,,
59,9500938.0,,,5.6000000000000005,,46.1,,,,,,,,,,,1.0,4.0,3.9,,2.5,1.5,21.8,,,,,,,,,,,,,,,13.5,,,,,
60,9501257.0,6.0,,21.8,10.299999999999999,3.2,0.7000000000000001,0.4,,,,,,,,,,3.2,16.400000000000002,,,,29.7,,,,,8.200000000000001,,,,,,,,,,,,,,,
61,9501431.0,,0.3,4.2,,10.0,,,0.2,,,,,,0.5,,,0.2,7.000000000000001,45.4,4.2,,23.5,0.7000000000000001,,,,1.7000000000000002,,,,,,,,,0.5,1.7000000000000002,,,,,
62,9521760.0,4.6,0.7000000000000001,0.4,,7.199999999999999,,0.2,0.1,,,,,,,,1.0999999999999999,0.5,2.3,67.60000000000001,4.3999999999999995,,2.4,0.4,,,,8.1,,,,,,,,,,,,,,,
63,9521852.0,24.8,,,,4.5,,,,,,,,,,,,1.4000000000000001,21.9,11.200000000000001,13.700000000000001,,4.6,,,,,17.9,,,,,,,,,,,,,,,
64,9521868.0,7.5,0.2,,,2.8000000000000003,,0.0,0.1,,,,,,,,,3.1,2.1999999999999997,41.0,3.6999999999999997,,4.8,0.7000000000000001,,,,33.800000000000004,,,,,,,,,,,,,,,
65,9521943.0,1.0999999999999999,1.3,,,4.6,0.2,,,0.1,,,,,0.1,,0.4,1.0,2.8000000000000003,63.0,1.6,,2.7,0.2,,,,20.9,,,,,,,,,,,,,,,
66,9521989.0,1.4000000000000001,,,,7.5,,,0.1,,,,,,0.2,,,3.1,0.3,59.4,0.8,,9.6,0.2,,,,17.4,,,,,,,,,,,,,,,
67,9522105.0,13.4,1.0999999999999999,,,10.8,,0.1,,,,,,,,,,4.7,4.0,47.5,4.3999999999999995,,8.1,0.8,,,,5.1,,,,,,,,,,,,,,,
68,9522125.0,33.6,0.1,,,2.9000000000000004,,0.1,0.2,0.0,0.4,,,,,,,2.8000000000000003,5.3,12.2,3.9,,15.8,0.6,,,,21.9,,,,0.1,,,,,,,,,,,
69,9522154.0,5.5,2.5,,,12.3,,,,,,,,,,,,1.2,6.4,19.5,10.4,,20.9,0.1,,,,20.9,,,,,,,,,0.2,,,,,,
70,9522258.0,33.5,1.5,3.2,,7.1,,,0.2,,,,,,0.2,,1.6,3.2,6.6000000000000005,18.8,9.1,,2.1,0.4,,,,12.5,,,,,,,,,,,,,,,
71,9535199.0,1.0,7.000000000000001,1.7999999999999998,2.1,40.5,,,0.5,,,,,,,,2.3,5.3,32.7,,6.800000000000001,,,,,,,,0.1,,,,,,,,,,,,,,
72,9535200.0,,,0.3,,36.5,1.0999999999999999,,0.2,,,,,,,0.1,1.3,1.6,3.2,5.2,2.8000000000000003,14.499999999999998,,0.1,,,,,32.9,,,,,,,,0.2,,,,,,
73,9535206.0,7.3999999999999995,,11.5,14.899999999999999,13.600000000000001,,0.1,0.3,,,,,,24.4,0.6,1.0999999999999999,5.0,10.2,,,1.3,8.799999999999999,0.3,,,,0.8,,,,,,,,,,,,,,,
74,9535211.0,,,0.0,,63.0,0.8999999999999999,,1.0,,,,,,,1.7999999999999998,3.1,3.1,3.9,18.0,1.3,2.8000000000000003,,,,,,,1.2,,,,,,,,,,,,,,
75,9535222.0,2.4,7.5,28.9,0.6,8.6,,0.5,3.2,0.3,0.0,,,0.3,,4.0,11.4,10.5,4.2,0.3,2.3,2.1999999999999997,12.4,,,,0.0,0.2,,,0.1,,,,,,,0.0,0.0,,,,
76,9535226.0,,,2.5,,43.3,0.4,,,0.2,,,,,,0.3,3.5000000000000004,15.9,7.7,16.2,7.7,2.0,,,,,,,0.2,,,,,,,,,,,,,,
77,9535229.0,2.7,0.7000000000000001,0.2,,36.5,0.2,,0.8,,,0.2,,,,,6.5,1.7999999999999998,0.3,16.6,0.7000000000000001,16.5,,14.7,,,0.6,0.4,0.8,,,,,,,,,,,,,,
78,9535237.0,,,2.3,,67.60000000000001,,,0.6,0.2,,,,,,0.8999999999999999,4.6,4.3999999999999995,6.3,11.700000000000001,0.2,1.0999999999999999,,,,,,,,,,,,,,,,0.0,,,,,
79,9535266.0,7.3,4.7,0.4,0.1,21.099999999999998,,,0.2,,,,,1.7999999999999998,1.6,,16.6,9.6,0.5,1.5,1.6,26.0,,3.3000000000000003,,,2.1,0.8999999999999999,,,,,,,,,0.7000000000000001,,,,,,
80,9535267.0,2.6,0.4,5.800000000000001,10.7,16.0,0.3,,0.3,,,0.3,,,1.0999999999999999,,9.0,9.5,9.2,2.3,2.1,,16.7,11.200000000000001,,,,1.9,,,,,,,,,0.7000000000000001,,,,,,
81,9535271.0,22.5,0.2,4.1000000000000005,3.2,14.899999999999999,2.1999999999999997,0.6,2.8000000000000003,0.8999999999999999,0.2,0.1,,,2.3,1.3,17.2,13.8,1.3,3.6999999999999997,0.8999999999999999,2.0,4.7,0.2,,,0.6,0.4,,,,,,,,,,,,0.1,,,
82,9535273.0,,,2.4,,26.400000000000002,7.9,0.4,,,,,,,,3.0,12.6,6.4,15.6,1.0999999999999999,21.099999999999998,,,,,,,,3.0,,,,,,,,,,,,,,
83,9535278.0,,,0.8,,4.9,0.1,,2.5,0.1,0.1,,,0.7000000000000001,,1.0,9.0,7.7,8.799999999999999,2.3,12.1,2.1999999999999997,1.7999999999999998,,,,,,45.800000000000004,,0.2,,,,,,,,,,,,
84,9535280.0,,,0.0,,29.099999999999998,1.7999999999999998,,0.1,0.4,,,,,,2.0,1.4000000000000001,4.2,6.1,25.5,3.9,2.7,,,,,,,22.6,,,,,,,,,,,,,,
85,9535295.0,2.1999999999999997,0.1,4.0,19.3,3.3000000000000003,0.1,0.5,0.2,0.2,,,,,1.4000000000000001,,2.0,2.0,3.6999999999999997,0.1,0.3,,36.6,12.8,,,0.1,11.0,,,,,,,,,0.1,,,,,,
86,9535354.0,1.3,0.8999999999999999,,54.300000000000004,4.3999999999999995,,,0.3,,,,,,6.2,,0.6,0.1,1.6,,,,19.1,0.6,,,,10.299999999999999,,,,,,,,,,0.2,,,,,
87,9535370.0,5.8999999999999995,,7.5,12.4,33.4,,,,,,,,,5.2,1.0999999999999999,4.3,2.7,19.400000000000002,,0.8,,3.9,,,,,,3.4000000000000004,,,,,,,,,,,,,,
88,9535382.0,,,0.1,,67.30000000000001,0.1,,0.1,0.3,,,,,,2.9000000000000004,3.4000000000000004,3.1,3.2,8.0,2.7,8.6,,,,,,,,,,,,,,,,,,,,,
89,9535398.0,3.9,,5.8999999999999995,13.0,13.0,0.8999999999999999,0.1,0.1,,,,,,4.9,0.8,5.0,14.299999999999999,20.4,0.0,0.8999999999999999,,16.5,0.1,,,,0.3,,,,,,,,,,,,,,,
90,9535483.0,0.7000000000000001,,3.6999999999999997,0.1,48.5,,,0.2,,,,,0.1,0.2,3.0,6.1,6.6000000000000005,4.3,25.0,0.8999999999999999,0.2,0.3,,,,,0.1,0.0,,,,,,,,,,,,,,
91,9535491.0,0.2,,2.3,,65.8,,,,,,,,,,2.1,2.4,5.7,2.1,14.399999999999999,0.1,2.3,0.8,,,,,,1.7999999999999998,,,,,,,,,,,,,,
92,9535498.0,,,,,65.0,,,,,,,,,,,,3.8,30.9,,,,0.3,,,,,,,,,,,,,,,,,,,,
93,9535532.0,0.5,,3.1,48.699999999999996,0.6,,0.3,,,,,,,9.5,,,0.4,4.8,0.8999999999999999,,,26.5,,,,,4.6,,,,,,,,,,,,,,,
94,9535579.0,,,,,55.800000000000004,0.0,,0.7000000000000001,0.4,,,,,,3.1,2.7,7.1,1.7000000000000002,19.3,6.4,2.6,,,,,0.1,,,,,,,,,,,,,,,,
95,9535626.0,0.4,1.7000000000000002,8.4,,18.7,,,2.1999999999999997,0.5,0.1,,,0.8,0.0,1.9,11.0,11.899999999999999,12.5,11.799999999999999,8.7,0.3,8.5,,,,,0.6,,,,,,,,,,,,,,,
96,9535640.0,9.700000000000001,5.0,3.5999999999999996,0.5,25.7,0.5,0.4,0.3,0.3,0.1,,,0.5,1.0999999999999999,0.3,12.4,7.1,4.9,11.200000000000001,4.5,4.3,2.5,0.3,,,3.9,0.8,,,,,,,,,0.1,,,,,,
97,9535678.0,,,,,38.6,,,,,,,,,5.7,15.2,0.6,12.7,6.0,,21.2,,,,,,,,,,,,,,,,,,,,,,
98,9535729.0,13.100000000000001,5.7,7.3,8.6,29.2,1.2,,0.4,0.1,,0.2,,0.2,2.9000000000000004,0.4,7.3999999999999995,8.0,8.200000000000001,0.8,0.8999999999999999,,4.3,0.3,,,,0.7000000000000001,,,,,,,,,,,,,,,
99,9535769.0,0.8,0.3,9.0,,10.9,,0.3,6.3,0.8,1.6,0.2,,0.4,,14.000000000000002,5.800000000000001,15.4,2.0,2.1,9.2,,20.4,,,,0.0,,,0.3,,,,,,,,,,,,,
100,9535800.0,15.5,5.8999999999999995,4.6,22.3,19.8,0.1,,0.0,,,,,,6.9,0.2,1.0,5.1,13.700000000000001,0.3,,,3.8,,,,,0.8999999999999999,,,,,,,,,,0.0,,,,,
101,9535836.0,15.2,0.5,7.1,5.0,25.6,0.0,,0.4,0.1,,,,0.4,2.1999999999999997,1.7999999999999998,11.5,11.600000000000001,5.0,1.6,0.7000000000000001,1.4000000000000001,5.2,0.0,,,3.0,0.8999999999999999,0.7000000000000001,,,,,,,,0.1,,,,,,
102,9535841.0,0.2,,3.0,56.699999999999996,1.4000000000000001,,0.0,,,,,,,2.3,,,0.2,5.4,0.4,0.4,,23.0,0.3,,,,6.7,,,,,,,,,,,,,,,
103,9538647.0,1.3,21.8,24.2,,2.1,,1.4000000000000001,3.6999999999999997,2.3,,,,1.0999999999999999,0.3,2.9000000000000004,12.4,12.3,3.6999999999999997,0.8,1.0999999999999999,0.1,5.3,,,,0.8999999999999999,1.0,,,,1.2,,,,,,0.0,,,,,
104,9538690.0,0.5,16.1,0.0,4.5,9.700000000000001,,1.4000000000000001,1.5,0.8,,,1.0,25.2,,0.4,6.3,4.3999999999999995,23.599999999999998,0.4,3.5999999999999996,,,,,,0.1,,,,,0.3,,,,,,,,,,,
105,9538724.0,1.5,2.4,,15.0,12.9,,,0.3,,,,0.4,,2.9000000000000004,,7.1,6.5,37.0,0.2,13.8,,,,,,,,,,,,,,,,,,,,,,
106,9538862.0,1.7000000000000002,4.7,0.3,7.8,16.1,,,0.1,,,,1.6,1.3,0.7000000000000001,0.5,3.8,0.8,56.49999999999999,1.0999999999999999,2.7,0.2,,,,,,,,,,,,,,,,,,,,,
107,9538902.0,1.0999999999999999,9.4,,9.700000000000001,12.0,1.0999999999999999,0.8,1.0999999999999999,0.2,0.2,,5.8999999999999995,,1.0999999999999999,,18.6,0.8,25.6,3.3000000000000003,8.9,,,,,,,,,,0.2,,,,,,,,,,,,
108,9539029.0,1.0999999999999999,0.8,7.5,,9.9,,,2.5,,3.4000000000000004,,,0.6,,8.200000000000001,11.899999999999999,9.4,15.9,0.5,7.1,0.3,19.1,,,,0.5,0.8999999999999999,,,0.4,,,,,,,,,,,,
109,9539032.0,1.9,6.4,1.0,2.7,34.4,0.1,,0.3,0.1,,,2.6,1.7000000000000002,0.2,0.3,3.6999999999999997,0.8999999999999999,39.7,0.6,3.2,0.0,,,,,0.0,0.1,,,,,,,,,,,,,,,
110,9539162.0,3.2,5.800000000000001,0.1,0.4,13.200000000000001,,0.1,2.4,1.5,1.6,,1.0,33.0,0.6,,9.1,11.799999999999999,6.5,0.2,4.5,1.0,1.7000000000000002,,0.1,,0.3,0.6,,0.7000000000000001,,,,,,,,0.4,,,,,
111,9539229.0,2.9000000000000004,1.7000000000000002,2.9000000000000004,0.6,11.799999999999999,,,1.5,0.2,0.2,,,10.5,0.5,3.6999999999999997,22.0,13.900000000000002,20.200000000000003,0.7000000000000001,1.7999999999999998,2.6,1.3,,,0.2,,0.6,,,,,,,,,,,,,,,
112,9539393.0,0.3,2.3,1.2,,10.299999999999999,,0.3,3.0,1.2,1.6,0.6,,3.4000000000000004,0.3,3.5000000000000004,15.299999999999999,15.5,26.8,1.7999999999999998,8.6,0.3,2.9000000000000004,,,,,,,,0.7000000000000001,,,,,,,,,,,,
113,9556306.0,58.5,0.4,12.1,,3.2,,0.1,,,,,,,0.1,,1.2,3.6999999999999997,3.0,5.7,1.7000000000000002,,3.5000000000000004,0.8,,,,5.8999999999999995,,,,,,,,,,,,,,,
114,9556308.0,57.9,,5.5,,2.8000000000000003,0.8,,,,,,,,,,0.6,2.8000000000000003,16.0,2.8000000000000003,0.0,,8.0,0.1,,,,2.6,,,,,,,,,,,,,,,
115,9556345.0,60.699999999999996,,1.7000000000000002,,1.6,,,0.2,0.1,,,,,,,,1.3,22.5,,1.3,,4.5,,,,,6.2,,,,,,,,,,,,,,,
116,9556360.0,59.9,0.2,3.4000000000000004,0.2,3.4000000000000004,,0.7000000000000001,3.1,2.4,0.4,0.3,,0.2,1.0999999999999999,,5.5,1.0,4.3999999999999995,0.7000000000000001,0.7000000000000001,,9.6,0.2,,0.4,,1.7999999999999998,,,0.2,,,,,,,,,0.2,,,
117,9556371.0,39.800000000000004,0.7000000000000001,10.6,3.8,3.1,,0.5,0.3,,,,,,,,2.8000000000000003,3.6999999999999997,14.7,5.1,0.2,,5.6000000000000005,,,,2.8000000000000003,6.2,,,,,,,,,0.1,,,,,,
118,9556390.0,2.0,0.6,,,6.3,0.5,,0.1,,,,,,1.0999999999999999,,0.1,1.0999999999999999,7.7,23.0,10.6,0.8999999999999999,17.9,1.6,,,,24.3,,,,,,,,,2.3,,,,,,
119,9556397.0,77.5,,10.299999999999999,,0.5,,,,,,,,,,,1.0999999999999999,,,2.1999999999999997,0.3,,3.2,1.4000000000000001,,,1.7999999999999998,1.7999999999999998,,,,,,,,,,,,,,,
120,9556402.0,,,1.7999999999999998,,5.5,1.3,,8.6,,,,,8.1,0.6,,2.3,2.9000000000000004,22.1,17.2,22.1,,6.2,,,,,1.2,,,,,,,,,,,,,,,
121,9556413.0,30.8,0.3,10.2,,2.5,,,0.2,,,,,,,0.3,5.0,8.9,9.700000000000001,3.2,13.0,,4.5,,,,,11.4,,,,,,,,,,,,,,,
122,9556427.0,75.5,4.2,0.3,,0.2,,1.0999999999999999,2.3,1.2,0.3,0.3,,1.7000000000000002,1.0,,6.3,3.0,,0.8,,,0.6,,0.3,,,0.8999999999999999,,,,,,,,,,0.1,,,,,
123,9556439.0,36.0,1.2,2.4,0.5,5.6000000000000005,,,0.4,,,,,,,,0.8,5.0,6.2,1.0,15.1,,14.799999999999999,0.5,,,0.5,10.0,,,,,,,,,,,,,,,
124,9556449.0,1.4000000000000001,,0.1,,4.0,0.4,,0.1,,,,,,,,,0.8,14.7,16.3,9.1,10.2,23.1,1.2,,,,16.7,,,,,,,,,1.9,,,,,,
125,9556463.0,61.3,0.7000000000000001,1.7999999999999998,5.800000000000001,1.7999999999999998,,0.1,0.2,0.0,,,,10.7,,0.1,8.5,1.4000000000000001,1.4000000000000001,0.5,0.1,,4.8,,,,0.1,0.3,,,0.2,0.2,,,,,,,,,,,
126,9556478.0,45.6,0.5,1.0,,0.2,,3.1,9.5,17.8,0.6,0.1,,,7.5,,1.9,0.1,,0.1,,,0.5,,0.6,0.2,,0.5,,3.1,3.8,,,,,,,,,3.4000000000000004,,,
127,9556479.0,50.5,,6.7,,2.6,,,0.2,,,,,,0.0,,0.8999999999999999,6.3,0.8999999999999999,4.3999999999999995,6.2,,5.4,3.5000000000000004,,,,12.2,,,,,,,,,,,,,,,
128,9556480.0,46.800000000000004,1.3,9.2,,1.2,,0.5,1.0999999999999999,,,,,0.1,0.1,,7.8,10.100000000000001,4.3999999999999995,0.2,0.1,,0.5,,,,,16.6,,,,,,,,,,0.0,,,,,
129,9556483.0,6.0,,,5.6000000000000005,7.3,4.3,0.4,9.9,0.6,,1.0999999999999999,,,2.6,,,0.8999999999999999,33.6,7.3,0.5,,9.5,1.2,0.1,,,8.7,,,,,,,,,,,,0.4,,,
130,9556492.0,65.2,2.9000000000000004,7.3999999999999995,,0.1,,1.2,6.7,3.9,2.4,0.1,,,2.1,,3.0,1.6,,0.5,,,0.1,,0.1,0.0,,0.8999999999999999,,,1.5,,,,,,,0.0,,0.2,,,
131,9556512.0,66.3,1.4000000000000001,2.1999999999999997,,,,0.5,0.6,,,,,9.0,,,4.1000000000000005,0.8999999999999999,,,,,1.4000000000000001,,,,,13.0,,,0.1,0.5,,,,,,,,,,,
132,9556534.0,7.000000000000001,3.9,,,3.5999999999999996,1.4000000000000001,,,,0.1,,,,0.2,0.0,0.2,1.9,3.4000000000000004,16.1,1.2,,30.7,1.7999999999999998,,,,28.1,,,,,,,,,0.2,,0.1,,,,
133,9556545.0,21.2,1.0,19.2,4.3,6.9,,0.2,0.3,,,,,0.8,,,1.6,3.3000000000000003,16.5,4.3999999999999995,0.7000000000000001,,12.3,,,,0.1,6.7,,,,,,,,,0.3,,,,,,
134,9556546.0,0.2,,,0.4,7.199999999999999,0.3,,1.0,,,,,2.5,0.2,,1.3,0.5,5.8999999999999995,6.0,5.3,,29.2,5.4,,,,34.699999999999996,,,,,,,,,,,,,,,
135,9556558.0,67.30000000000001,0.6,2.9000000000000004,0.3,0.0,,0.5,1.7999999999999998,0.1,,,,4.5,0.1,,13.3,6.9,0.2,,,,,,0.2,,,1.0999999999999999,,,0.2,,,,,,,,,,,,
136,9556562.0,17.7,0.7000000000000001,1.2,2.3,8.799999999999999,0.4,,0.4,,,,,,,,1.2,4.3,22.6,,0.4,,4.0,0.1,,,0.7000000000000001,35.099999999999994,,,,,,,,,0.1,,,,,,
137,9556569.0,82.5,0.2,0.7000000000000001,,0.5,,0.6,,,,,,7.3,,,4.0,,,0.1,0.1,,0.7000000000000001,,,,,3.4000000000000004,,,,,,,,,,,,,,,
138,9556584.0,13.8,,,12.7,8.4,,0.2,4.8,0.1,,,,0.2,5.7,,1.0,2.5,24.8,2.1,4.7,,9.6,0.1,,,,9.3,,,,,,,,,,,,,,,
139,9556586.0,55.400000000000006,1.7999999999999998,2.6,,1.0,,,1.0,0.5,,,,,0.0,,0.3,6.800000000000001,4.3999999999999995,5.6000000000000005,,,6.7,,,,,13.8,,,0.0,,,,,,,,,,,,
140,9556594.0,15.9,,11.4,,5.800000000000001,0.8,,,1.6,,,,,,,,1.7999999999999998,0.7000000000000001,6.5,28.199999999999996,,21.0,0.3,,,,5.8999999999999995,,,,,,,,,,,,,,,
141,9556596.0,0.2,,0.3,0.1,13.0,,0.2,1.7000000000000002,0.1,,,,1.5,0.3,,0.5,1.5,6.1,24.4,6.3,,10.9,0.3,,,,32.4,,,,,,,,,,,,,,,
142,9556604.0,34.9,0.0,7.000000000000001,7.5,4.8,0.4,0.2,1.0999999999999999,0.2,,0.2,,0.6,0.2,,1.9,5.2,18.5,0.3,1.2,,4.2,0.3,,,,11.200000000000001,,,0.0,,,,,,0.1,0.0,,,,,
143,9556608.0,6.4,,,,8.4,,,0.2,,,,,,0.4,,0.2,0.2,4.0,60.099999999999994,2.6,,1.3,0.4,,,,16.0,,,,,,,,,,,,,,,
144,9556610.0,75.2,0.1,5.6000000000000005,0.3,,,0.3,2.4,,,,,2.3,,,9.6,3.3000000000000003,0.0,0.2,,,,,,,,0.5,,,,,,,,,,,,,,,
145,9556631.0,8.0,0.3,2.3,,5.1,2.9000000000000004,,1.0999999999999999,,,,,,0.7000000000000001,,5.5,5.8999999999999995,18.3,10.0,16.1,,14.299999999999999,2.7,,,,6.800000000000001,,,,,,,,,,,,,,,
146,9556646.0,18.4,6.2,,,7.7,0.3,,,,,,,,,,,1.7999999999999998,17.599999999999998,4.9,11.0,,11.3,,,,,20.7,,,,,,,,,,,,,,,
147,9556649.0,56.599999999999994,1.3,1.7999999999999998,,1.0999999999999999,,,0.8999999999999999,0.2,0.0,,,,0.3,,3.4000000000000004,5.800000000000001,10.2,1.3,0.5,,7.000000000000001,0.5,,,,8.799999999999999,,,0.1,,,,,,,,,,,,
148,9556654.0,69.3,0.1,0.1,,3.0,,,3.2,1.5,,0.3,,,1.7999999999999998,,0.1,1.0999999999999999,7.000000000000001,,0.3,,2.6,,,0.1,,8.9,,0.4,0.2,,,,,,,,,,,,
149,9556664.0,5.2,,,3.9,6.4,0.1,0.6,17.9,1.9,,0.5,,,4.0,,0.5,0.7000000000000001,15.4,18.099999999999998,2.0,0.2,8.4,0.6,,0.1,,11.899999999999999,,,1.2,,,,,,,,,0.4,,,
150,9556669.0,,,,,4.3,,,,,,,,,,,,,5.3,46.9,27.3,,13.3,2.9000000000000004,,,,,,,,,,,,,,,,,,,
151,9556684.0,38.9,2.3,1.7999999999999998,,4.1000000000000005,,,2.4,0.4,,,,,,,3.0,9.5,12.7,2.1999999999999997,3.5000000000000004,,10.100000000000001,0.4,,,,8.7,,,,,,,,,,,,,,,
152,9556688.0,26.8,3.4000000000000004,7.5,,7.5,,,0.4,0.1,0.2,,,,0.2,0.5,1.3,5.4,6.4,3.1,10.100000000000001,,12.4,1.9,,,,12.6,,,,,,,,,,0.1,,,,,
153,9556694.0,38.3,0.8999999999999999,5.0,4.2,11.200000000000001,,0.3,0.1,0.1,0.1,,,1.2,,,3.5999999999999996,0.8999999999999999,4.9,0.5,1.4000000000000001,,13.600000000000001,0.6,,,0.8999999999999999,12.2,,,,,,,,,0.1,,,,,,
154,9556708.0,0.4,,,,5.0,0.5,0.1,2.5,0.4,,0.1,,,1.5,,0.4,0.5,4.5,30.099999999999998,5.5,0.4,24.3,1.0999999999999999,,,,22.6,,,,,,,,,0.1,,,,,,
155,9556713.0,46.800000000000004,0.7000000000000001,13.100000000000001,1.0999999999999999,1.9,,0.5,1.2,0.5,0.5,0.1,,0.8,0.3,,2.8000000000000003,5.1,2.5,0.8,1.7999999999999998,,2.8000000000000003,,0.3,,,16.5,,,,,,,,,,,,,,,
156,9556728.0,24.6,1.5,15.7,2.1999999999999997,14.299999999999999,,,0.6,,,,,0.1,,,2.1999999999999997,2.5,11.0,4.9,0.7000000000000001,,10.100000000000001,0.4,,,,9.1,,,,,,,,,0.2,,,,,,
157,9556740.0,46.2,0.2,0.4,,4.1000000000000005,,0.1,0.1,,,,,,0.2,,1.0,3.3000000000000003,7.5,5.8999999999999995,6.9,,4.8,4.7,,,,14.7,,,,,,,,,,,,,,,
158,9556741.0,7.7,0.1,,2.9000000000000004,2.1,1.0999999999999999,0.1,6.2,0.5,,0.8999999999999999,,,10.100000000000001,,0.1,0.8,14.499999999999998,3.8,6.9,0.8,15.7,2.1,0.2,,,22.900000000000002,,,,,,,,,0.6,,,0.1,,,
159,9556754.0,23.7,8.3,,,4.0,,,0.3,,0.4,,,,0.2,,0.3,2.1999999999999997,24.2,0.6,4.9,,2.0,,,,,28.599999999999998,,,0.4,,,,,,,,,,,,
160,9556864.0,0.3,,,,5.1,0.3,,,,,,,,3.4000000000000004,,2.0,0.5,22.5,15.0,0.3,7.3999999999999995,13.4,1.6,,,,28.199999999999996,,,,,,,,,,,,,,,
161,9556955.0,,,,2.3,3.1,1.6,,0.8999999999999999,0.1,,0.0,,,6.800000000000001,,0.4,2.1,17.9,27.3,0.7000000000000001,7.199999999999999,9.3,2.1,,,,18.0,,,,,,,,,0.1,,,,,,
162,9557004.0,23.9,5.0,,,1.3,0.7000000000000001,,0.1,,0.1,,,,0.7000000000000001,,0.5,2.5,8.200000000000001,7.000000000000001,0.1,,17.8,1.7999999999999998,,,,30.2,,,,,,,,,0.1,,,,,,
163,9557101.0,27.200000000000003,0.6,,,4.8,0.6,,0.0,,0.2,,,,1.2,,0.1,1.0999999999999999,27.900000000000002,0.7000000000000001,4.2,,11.700000000000001,0.6,,,,19.0,,,,,,,,,0.2,,,,,,
164,9557108.0,19.3,0.0,,,2.7,,0.2,0.8,0.2,,,,,0.5,,0.2,0.8999999999999999,27.3,3.9,8.0,,5.1,0.5,,,,30.099999999999998,,,,,,,,,0.2,,,,,,
165,9562826.0,6.4,20.7,0.1,46.2,5.0,,0.6,0.3,0.0,,,,,4.2,,,0.7000000000000001,8.4,0.5,,,1.5,,0.2,0.2,,4.8,,,0.2,,,,,,,,,,,,
166,9562842.0,0.8999999999999999,,14.799999999999999,40.400000000000006,7.1,,,,,,,,,1.6,,0.8999999999999999,1.0,6.1,2.8000000000000003,0.7000000000000001,,12.1,1.3,,,,10.299999999999999,,,,,,,,,,,,,,,
167,9562851.0,16.6,,2.1,9.8,7.000000000000001,,0.2,0.6,0.6,,,,0.6,24.4,,0.7000000000000001,1.4000000000000001,1.5,,,,16.1,0.4,,,,18.2,,,,,,,,,,,,,,,
168,9562856.0,,,,26.0,10.4,5.2,,,,,,,,,,,,1.0,,,,27.800000000000004,19.7,,,,9.9,,,,,,,,,,,,,,,
169,9562860.0,10.299999999999999,0.4,2.4,27.500000000000004,0.8999999999999999,0.3,0.3,,,,,,,47.4,,0.7000000000000001,1.0999999999999999,,,,,5.3,,,,,3.5000000000000004,,,,,,,,,,,,,,,
170,9562871.0,17.7,0.3,0.4,14.000000000000002,3.8,1.3,0.5,1.4000000000000001,1.4000000000000001,0.0,,,,1.7999999999999998,,,5.800000000000001,0.3,,,,6.1,1.7999999999999998,,,,43.0,,,0.3,,,,,,,,,,,,
171,9562897.0,1.6,0.1,0.2,12.1,3.3000000000000003,,,0.4,,0.3,,,0.5,28.000000000000004,,0.6,1.0999999999999999,16.7,1.0,1.4000000000000001,4.3999999999999995,13.200000000000001,1.2,,,,12.9,,,,,,,,,0.8999999999999999,,,,,,
172,9562901.0,6.0,,,0.3,33.900000000000006,0.5,,,,,,,,41.5,,,,,,,,,,,,,17.8,,,,,,,,,,,,,,,
173,9562902.0,39.5,0.2,1.7999999999999998,1.7000000000000002,6.800000000000001,0.8,1.3,2.6,1.3,0.2,0.2,,,16.6,,0.7000000000000001,0.3,3.8,,,,1.0999999999999999,,,0.2,,20.599999999999998,,,0.2,,,,,,,,,0.3,,,
174,9562904.0,14.799999999999999,,3.5000000000000004,28.799999999999997,6.5,0.2,0.2,0.2,,0.1,,,0.1,17.7,,2.8000000000000003,1.4000000000000001,6.3,,,,6.4,0.1,,,,10.9,,,,,,,,,,,,,,,
175,9562908.0,1.3,4.8,3.2,19.8,6.5,0.6,0.2,0.5,,,,,,4.6,,4.0,1.7999999999999998,14.7,2.5,0.2,3.6999999999999997,14.6,4.9,,,0.8999999999999999,10.7,0.2,,0.4,,,,,,0.0,,,,,,
176,9562917.0,2.8000000000000003,15.6,,,4.2,2.1,5.8999999999999995,6.6000000000000005,5.2,2.1,,,,1.2,,4.3999999999999995,13.700000000000001,4.3,,3.8,,3.8,,,,,23.3,,,,,,,,,,0.8,,0.2,,,
177,9562934.0,13.200000000000001,0.1,,17.9,23.5,,,0.1,0.4,,,,,21.099999999999998,,,3.2,2.9000000000000004,,,,5.4,0.0,,,,12.1,,,,,,,,,,,,,,,
178,9562943.0,3.2,,1.7000000000000002,56.39999999999999,2.6,2.3,0.2,,,0.1,,,0.1,,,0.6,3.4000000000000004,6.1,0.2,,,7.5,0.2,0.3,,0.1,15.0,,,,,,,,,,,,,,,
179,9562945.0,16.2,,7.5,6.2,9.4,,0.1,0.1,,,,,,0.2,,1.9,5.6000000000000005,9.5,1.9,0.3,,33.0,0.4,,,,6.9,,,,,,,,,0.7000000000000001,,,,,,
180,9562950.0,1.2,,1.0999999999999999,4.7,4.3999999999999995,1.7999999999999998,0.5,,,,,,,2.8000000000000003,,0.0,0.6,0.6,0.3,2.5,,30.3,2.8000000000000003,,,2.4,44.1,,,,,,,,,,,,,,,
181,9562986.0,0.5,4.3999999999999995,3.5999999999999996,2.1,3.6999999999999997,,1.0,0.2,0.2,,,,,0.2,,4.3999999999999995,1.0999999999999999,27.500000000000004,1.6,0.2,2.5,25.8,5.5,,,3.4000000000000004,11.799999999999999,,,,,,,,,0.3,0.1,,,,,
182,9563001.0,34.9,,3.5999999999999996,26.3,3.6999999999999997,,0.4,0.3,,,,,,1.7999999999999998,,0.4,3.1,2.9000000000000004,0.8999999999999999,,,9.8,0.3,,,0.2,11.5,,,,,,,,,,,,,,,
183,9563019.0,5.0,0.1,6.800000000000001,6.7,29.299999999999997,,0.2,0.2,,,,,0.1,2.5,,1.9,5.0,7.000000000000001,11.3,1.2,1.7999999999999998,15.0,1.4000000000000001,,,0.0,4.3999999999999995,,,,,,,,,,,,,,,
184,9563025.0,,0.4,0.3,0.8999999999999999,9.8,,0.2,,,,0.2,,,3.5000000000000004,0.3,4.3,2.8000000000000003,6.5,1.4000000000000001,1.0,2.8000000000000003,27.200000000000003,19.2,,,0.8,12.9,,,,,,,,,5.4,,,,,,
185,9563040.0,2.6,33.0,3.5999999999999996,11.899999999999999,1.2,,0.5,0.4,0.4,,,,,3.0,,3.8,1.3,1.0,,,,10.8,,,,0.7000000000000001,25.6,,,0.2,,,,,,,0.1,,,,,
186,9563046.0,0.1,,0.1,19.5,6.3,,0.1,0.5,,0.1,,,,20.9,,0.8999999999999999,5.3,15.299999999999999,,,,16.5,4.3,,,,7.8,,,,,,,,,2.1999999999999997,,,,,,
187,9563049.0,24.7,,,,9.4,0.5,,,,,,,,61.9,,,,1.0999999999999999,,,,2.1999999999999997,,,,,0.2,,,,,,,,,,,,,,,
188,9563065.0,2.8000000000000003,,3.4000000000000004,3.6999999999999997,4.1000000000000005,,0.0,0.2,,,,,,,,1.6,0.8,16.1,3.5999999999999996,0.4,,52.0,0.8999999999999999,,,1.2,9.1,,,,,,,,,0.2,,,,,,
189,9563071.0,3.6999999999999997,0.4,0.6,62.2,4.5,,0.2,,,,,,,0.5,,0.3,1.6,6.3,0.3,,,12.1,0.1,,,,7.3,,,,,,,,,,,,,,,
190,9563075.0,5.800000000000001,,2.1,25.4,11.5,,,0.5,,,,,,9.8,,,2.3,36.7,,0.8999999999999999,,2.9000000000000004,,,,,0.8999999999999999,,,,,,,,,,1.4000000000000001,,,,,
191,9563101.0,0.1,0.1,1.4000000000000001,0.8999999999999999,4.7,,0.4,0.1,,,,,,,,4.5,1.4000000000000001,24.5,,0.7000000000000001,7.6,17.299999999999997,4.3999999999999995,,,17.299999999999997,12.7,0.7000000000000001,,0.2,,,,,,1.0,,,,,,
192,9563111.0,7.000000000000001,0.6,4.7,42.8,2.3,0.6,0.2,0.1,,0.1,0.0,,0.1,21.099999999999998,,0.3,0.3,3.9,,,,8.4,0.1,,,,7.6,,,,,,,,,,,,,,,
193,9563122.0,1.0,,0.4,37.6,7.1,,0.1,0.1,,,,,,0.2,,3.1,0.6,23.599999999999998,0.4,,,13.600000000000001,1.0,,,2.1,9.1,,,,,,,,,0.1,,,,,,
194,9563123.0,1.6,16.7,6.5,17.299999999999997,6.0,0.6,0.5,0.1,0.1,,,,0.3,4.0,,0.6,1.5,4.5,4.8,0.8,1.5,11.4,4.8,,,0.1,11.3,5.0,,0.1,,,,,,,,,,,,
195,9563126.0,4.2,6.0,11.899999999999999,13.700000000000001,7.1,1.9,0.1,0.4,,,0.1,,0.0,2.0,,2.6,3.9,2.7,7.6,0.8,5.6000000000000005,12.1,1.7000000000000002,,,0.2,14.799999999999999,0.4,,0.0,,,,,,,,,,,,
196,9563146.0,0.7000000000000001,0.2,,87.9,5.5,,,,,,,,,,,0.4,0.4,4.1000000000000005,,,,,,,,,0.8,,,,,,,,,,,,,,,
197,9563158.0,0.1,,0.2,56.39999999999999,7.7,,,,,,,,,,,0.7000000000000001,0.8,2.7,6.6000000000000005,2.1,,16.900000000000002,2.8000000000000003,,,,3.0,,,,,,,,,,,,,,,
198,9563162.0,14.099999999999998,1.7999999999999998,2.9000000000000004,21.5,7.199999999999999,0.8,0.6,0.4,0.4,0.7000000000000001,0.2,,0.3,23.599999999999998,,3.2,0.8,2.0,,,,10.2,2.1999999999999997,,0.1,,7.1,,,,,,,,,,,,,,,
199,9563167.0,,,2.5,0.1,2.9000000000000004,,,0.4,,,,,0.0,,,7.000000000000001,1.4000000000000001,39.0,4.6,4.0,12.8,8.9,7.199999999999999,,,1.0,8.3,,,,,,,,,,,,,,,
200,9563180.0,24.5,6.0,,17.9,3.8,,0.2,0.3,,0.0,0.1,,0.2,1.7000000000000002,,0.1,4.9,30.3,0.0,,,0.2,,,,0.1,10.0,,,,,,,,,,,,,,,
201,9563192.0,0.4,0.1,0.7000000000000001,1.9,6.2,,0.2,1.4000000000000001,0.1,,,,0.4,8.3,0.3,4.0,5.7,19.8,9.6,26.900000000000002,,5.8999999999999995,1.5,,,0.1,6.4,,0.1,,,,,,,0.0,,,,,,
202,9563210.0,5.2,,0.4,59.9,3.4000000000000004,,,0.2,,,,,,0.1,,0.2,,7.5,2.1999999999999997,,,11.1,,,,,9.700000000000001,,,,,,,,,,,,,,,
203,9563216.0,4.2,,,9.6,0.2,,0.1,0.1,,,,,,0.6,,,0.2,1.0999999999999999,,,,2.0,0.8,,,,81.0,0.2,,,,,,,,,,,,,,
204,9563218.0,30.4,9.8,0.3,26.6,1.2,0.0,0.3,0.3,0.3,,0.2,,0.1,0.1,,1.7000000000000002,8.200000000000001,6.0,0.5,,,0.2,,,,,13.700000000000001,,,,,,,,,,,,,,,
205,9563221.0,0.7000000000000001,,10.2,5.2,16.400000000000002,0.1,0.1,0.0,,,,,,,,1.0999999999999999,1.2,23.7,3.4000000000000004,2.0,,23.599999999999998,2.4,,,4.3,5.3,0.1,,,,,,,,,,,,,,
206,9563225.0,0.2,,,0.3,2.8000000000000003,,,0.5,,,,,0.2,1.5,,0.3,1.7000000000000002,2.8000000000000003,6.9,1.7000000000000002,,65.8,5.3,,,,9.4,0.1,,,,,,,,0.4,,,,,,
207,9563239.0,,,0.8,5.2,1.4000000000000001,0.8999999999999999,,0.2,0.1,,,,,7.6,,0.3,0.4,,,,,26.900000000000002,0.7000000000000001,,,,55.50000000000001,,,,,,,,,,,,,,,
208,9563244.0,6.6000000000000005,,1.0,27.400000000000002,10.9,0.0,0.3,0.1,0.1,0.5,,,,,,2.4,0.5,4.9,0.7000000000000001,0.2,,20.8,0.2,,,,22.7,,,0.6,,,,,,,0.1,,,,,
209,9563266.0,,,,,,,,,,,,,,,,,,0.4,,,,12.8,,,,,86.8,,,,,,,,,,,,,,,
210,9563272.0,,,5.3,0.8,4.9,,,2.0,,,,,,1.9,,3.8,0.8999999999999999,2.1999999999999997,40.8,6.0,,12.8,5.800000000000001,,,3.0,1.6,0.5,,,,,,,,7.5,,,,,,
211,9563280.0,1.9,,5.4,1.7999999999999998,9.1,0.6,,0.1,,,,,,,,0.1,2.3,19.400000000000002,6.4,,,45.300000000000004,1.7999999999999998,,,,5.7,,,,,,,,,,,,,,,
212,9563288.0,1.5,,11.0,17.4,1.9,8.4,0.2,,,,,,,0.8999999999999999,,,5.1,1.3,30.4,,,9.9,0.3,,,,11.0,,,,,,,,,,0.7000000000000001,,,,,
213,9563300.0,6.4,,9.4,18.4,12.7,1.0,,0.4,,,,,,0.7000000000000001,,,,4.8,,,,23.599999999999998,,,,,21.5,,,,,,,,,,1.0,,,,,
214,9563302.0,1.5,,6.9,26.1,10.8,5.1,0.2,0.1,,,,,,,,0.8,,13.600000000000001,,,,6.5,,,,,28.299999999999997,,,,,,,,,,0.1,,,,,
215,9563307.0,0.2,0.3,15.299999999999999,0.0,9.6,,0.2,0.3,,,,,,,,1.0999999999999999,0.5,2.3,11.200000000000001,4.7,10.7,31.900000000000002,2.8000000000000003,,,1.7000000000000002,6.7,,,,,,,,,,0.5,,,,,
216,9563321.0,19.6,0.5,9.5,1.5,7.8,0.4,0.4,0.1,,,,,,0.2,,2.7,6.7,13.5,7.9,7.3,,7.9,0.2,,,0.3,13.100000000000001,,,,,,,,,0.4,,,,,,
217,9563326.0,4.9,,2.0,31.5,11.3,1.5,0.0,0.3,,,,,,,,0.2,1.0999999999999999,,,,,18.7,0.5,,,,28.1,,,,,,,,,,,,,,,
218,9563332.0,6.5,0.6,3.8,32.4,1.5,0.3,,0.1,,,,,,2.5,,1.3,6.2,15.1,0.1,,,10.7,2.5,,,4.3999999999999995,12.1,,,,,,,,,,,,,,,
219,9563334.0,5.8999999999999995,,0.2,4.9,9.3,2.0,0.3,0.2,,,,,,2.1,,0.8,8.0,47.0,0.3,0.1,,2.9000000000000004,,,,,16.0,,,,,,,,,,,,,,,
220,9563345.0,,,4.2,,8.5,,,0.1,,,,,,,,2.4,0.7000000000000001,1.2,22.3,4.8,9.9,26.200000000000003,2.1999999999999997,,,,13.0,,,,,,,,,4.2,0.4,,,,,
221,9563354.0,,,0.6,0.6,4.3,0.3,0.8999999999999999,1.0999999999999999,0.2,,0.3,,,12.8,,0.3,1.0,32.0,3.6999999999999997,0.1,9.1,13.4,8.9,,,,6.800000000000001,1.5,,0.0,,,,,,2.0,,,,,,
222,9556556.0,,,,0.8999999999999999,3.4000000000000004,1.6,0.1,7.6,0.3,,,,,2.9000000000000004,,,0.2,15.5,16.5,0.4,6.4,13.3,6.9,,,,21.6,,,,,,,,,2.4,,,,,,
223,9563211.0,,,3.1,0.1,12.6,,,,,,,,,,,0.3,0.3,7.199999999999999,23.9,3.4000000000000004,18.2,26.700000000000003,3.4000000000000004,,,0.3,0.0,,,,,,,,,0.2,0.1,,,,,
224,9556394.0,0.3,,,12.5,6.5,1.7000000000000002,0.4,2.0,1.5,,,,,2.1,,,,25.0,0.5,12.9,,7.199999999999999,0.4,,,,26.900000000000002,,,,,,,,,,,,,,,
225,9535208.0,,,,,48.0,11.600000000000001,,,,,,,,,3.4000000000000004,,5.2,4.3,12.1,9.0,,,,,,,,6.5,,,,,,,,,,,,,,
226,9563142.0,1.7000000000000002,0.6,9.2,13.4,12.4,3.8,0.8,2.3,2.0,0.1,0.3,,,1.3,,1.0999999999999999,1.0999999999999999,7.8,,,,19.900000000000002,0.6,,0.5,0.3,17.299999999999997,,,0.3,,,,,,3.3000000000000003,,,,,,
227,9556651.0,63.4,,12.0,,1.0999999999999999,1.4000000000000001,,1.2,,,,,,,,,1.7000000000000002,2.6,9.0,,,4.5,,,,,3.2,,,,,,,,,,,,,,,
228,9521744.0,,,,,5.3,,,,,,,,,,,,,11.799999999999999,73.8,0.2,,1.3,,,,,7.8,,,,,,,,,,,,,,,
229,9556486.0,36.8,,1.3,3.2,8.3,,0.6,4.8,0.1,0.2,,,3.1,0.6,,9.700000000000001,7.7,6.800000000000001,,1.0,,7.1,,,,,8.200000000000001,,,0.3,,,,,,,,,,,,
230,9556489.0,4.2,0.2,,7.1,2.0,0.3,7.9,22.2,7.9,0.1,3.2,,,4.6,,,0.2,13.5,1.5,0.6,,1.4000000000000001,,0.1,0.7000000000000001,0.1,10.8,,0.3,3.0,,,,,,,,,7.9,,,
231,9563161.0,0.8999999999999999,29.299999999999997,,37.5,5.0,,,0.4,0.2,0.1,,,,0.1,,0.6,1.5,5.0,,,,1.7000000000000002,1.2,,,,15.7,,,0.7000000000000001,,,,,,0.1,0.0,,,,,
232,9556531.0,0.1,,,,6.5,0.4,,1.0,0.1,,,,0.4,2.3,,,1.6,8.5,8.200000000000001,10.100000000000001,,39.900000000000006,5.8999999999999995,,,,14.6,,,,,,,,,0.5,,,,,,
233,9535219.0,12.8,19.2,12.8,9.4,7.6,0.4,,0.6,0.6,,,,,14.6,0.3,3.2,4.3,5.800000000000001,,,,5.0,,,,,3.4000000000000004,,,,,,,,,,,,,,,
234,9556722.0,31.4,0.3,0.8999999999999999,,3.1,,,0.4,0.7000000000000001,0.6,,,,,,0.2,2.8000000000000003,5.8999999999999995,10.0,14.6,,21.2,,,,,7.3,,,,,,,,,,,0.6,,,,
235,9521986.0,6.3,1.5,0.0,,6.5,,,,,,,,,1.6,,0.5,1.0,4.3999999999999995,56.699999999999996,7.6,,6.5,0.4,,,,6.9,,,,,,,,,,,,,,,
236,9535638.0,0.1,0.8999999999999999,10.4,,11.0,,0.8999999999999999,4.8,0.8,,,,2.1999999999999997,0.0,7.3,13.3,15.7,8.799999999999999,0.8999999999999999,14.099999999999998,0.3,7.6,,,,0.4,0.1,,,0.2,,,,,,,,,,,,
237,9556709.0,30.7,,0.2,,6.2,,,0.2,0.2,,,,,2.0,,0.8,2.6,8.3,4.8,1.2,,24.4,1.5,,,,16.5,,,,0.5,,,,,,,,,,,
238,9556613.0,35.099999999999994,0.8999999999999999,1.3,,5.2,0.4,,0.2,,,,,,,,0.1,3.0,24.2,5.7,2.1999999999999997,,7.199999999999999,0.8999999999999999,,,,13.700000000000001,,,,,,,,,,,,,,,
239,9563238.0,5.0,,4.6,16.400000000000002,29.599999999999998,,,0.1,,,,,,2.7,0.4,0.5,3.1,9.6,4.5,1.2,0.2,11.1,0.3,,,,10.8,,,,,,,,,,,,,,,
240,9535840.0,,,34.9,6.5,11.5,,,0.6,,,,,,3.3000000000000003,1.3,4.6,14.499999999999998,6.7,,2.7,,13.200000000000001,,,,,0.2,,,,,,,,,,,,,,,
241,9556313.0,68.4,,4.9,,0.5,1.0,,,,,,,,,,0.6,2.1999999999999997,1.0999999999999999,7.3,,,7.1,0.7000000000000001,,,,6.1,,,,,,,,,,,,,,,
242,9563056.0,1.4000000000000001,1.7000000000000002,2.7,4.1000000000000005,7.6,,0.1,0.8,,,,,,1.7000000000000002,,2.0,1.7999999999999998,18.8,13.0,5.5,,21.2,2.1999999999999997,,,,14.499999999999998,,,,,,,,,0.6,0.1,,,,,
243,9562858.0,5.3,,0.2,38.0,18.8,,0.2,,,,,,,1.3,,,0.6,8.6,0.1,,,9.9,0.1,,,,17.0,,,,,,,,,,,,,,,
244,9535486.0,3.5000000000000004,,5.8999999999999995,19.7,17.299999999999997,,0.2,0.3,,,,,,5.3,0.3,1.6,6.7,14.099999999999998,1.0,1.0,,19.1,0.4,,,,3.5999999999999996,,,,,,,,,,0.2,,,,,
245,9556498.0,38.9,0.8,0.3,2.7,2.3,,0.8999999999999999,14.6,5.8999999999999995,0.1,1.0,,1.2,5.0,,1.7999999999999998,0.8,10.100000000000001,1.5,0.1,,4.5,,,0.7000000000000001,,3.1,,,2.6,,,,,,,,,1.3,,,
246,9556500.0,35.699999999999996,0.5,28.1,0.7000000000000001,4.5,2.0,0.4,0.4,0.0,0.1,,,3.8,0.1,,4.3,1.4000000000000001,1.0,0.8,2.6,,2.1,,,,0.1,11.3,,,0.2,,,,,,,,,,,,
247,9539149.0,4.0,22.6,1.9,1.0999999999999999,3.0,,1.2,4.3,0.8999999999999999,0.1,0.2,1.9,7.9,0.2,4.6,26.0,7.7,5.0,1.0999999999999999,4.1000000000000005,0.8999999999999999,,,,,0.2,0.4,,0.1,0.4,,,,,,,0.1,,,,,
248,9539211.0,,13.600000000000001,0.3,14.099999999999998,12.1,1.0,,1.5,,0.6,,7.000000000000001,5.7,0.6,,16.8,3.9,17.4,,3.4000000000000004,1.3,,,,,,,,,0.5,,,,,,,,,,,,
249,9535178.0,13.0,5.0,0.6,,17.9,,1.2,3.8,2.3,,,,2.3,0.7000000000000001,,27.200000000000003,7.7,0.2,4.3999999999999995,6.2,2.7,,2.0,,,2.3,,,0.3,,,,,,,,,,,,,
250,9522214.0,24.6,1.6,,,5.5,,0.1,0.3,0.1,,,,,,,,1.4000000000000001,6.2,25.1,7.8,,6.5,0.3,,,,20.3,,,,,,,,,,,,,,,
251,9563270.0,,,3.5999999999999996,,0.8999999999999999,,,1.0999999999999999,,,,,,3.3000000000000003,,4.1000000000000005,1.7000000000000002,28.499999999999996,,0.2,,32.300000000000004,6.6000000000000005,,,,17.8,,,,,,,,,,,,,,,
252,9556592.0,0.1,,,1.7999999999999998,3.5000000000000004,4.2,,1.0,,,,,,1.0,,0.2,0.6,10.7,14.899999999999999,0.0,1.9,37.0,7.3,0.1,,,14.499999999999998,,,,,,,,,1.0999999999999999,,,,,,
253,9521957.0,0.0,,,,5.2,,,,,1.0999999999999999,,,,,,,0.2,1.2,73.1,2.1999999999999997,,4.5,,,,,12.6,,,,,,,,,,,,,,,
254,9556481.0,72.8,1.0,6.5,,0.2,0.3,0.3,0.5,0.2,0.1,,,2.3,0.2,,5.1,3.4000000000000004,0.2,1.0999999999999999,0.1,,0.6,,,,0.1,4.2,,0.0,0.3,0.2,,,,,,,,,,,
255,9522095.0,55.800000000000004,1.3,0.8,,1.4000000000000001,,,,,,,,,1.0999999999999999,,,9.8,6.800000000000001,7.5,5.1,,0.4,2.5,,,,7.3999999999999995,,,,,,,,,,,,,,,
256,9562884.0,1.7999999999999998,,0.1,44.0,8.4,,,,,,,,,1.0999999999999999,,,0.2,1.2,,,,33.800000000000004,,,,,9.4,,,,,,,,,,,,,,,
257,9535629.0,0.1,,7.3999999999999995,,59.199999999999996,,,0.1,0.6,,,,,,2.4,5.3,6.9,3.5000000000000004,8.4,1.0,,3.2,,,,,,2.0,,,,,,,,,,,,,,
258,9563310.0,10.5,,,0.8,21.099999999999998,,,,,,,,,31.5,,,,2.5,,,,5.3,,,,,28.199999999999996,,,,,,,,,,,,,,,
259,9556436.0,43.0,2.6,,,4.2,,,,,,,,,,,0.2,2.0,21.4,,8.200000000000001,,4.6,0.0,,,0.2,13.600000000000001,,,,,,,,,,,,,,,
260,9535508.0,1.2,0.8,1.2,,23.3,0.3,,2.3,0.6,,,,0.4,0.3,10.5,16.6,6.800000000000001,22.7,0.3,11.600000000000001,,,,,,,,0.8999999999999999,,0.1,,,,,,,,,,,,
261,9562818.0,5.2,0.6,,46.300000000000004,1.0999999999999999,,,,,,,,,,,,3.0,0.8,,,,2.4,,,,,39.5,,,1.2,,,,,,,,,,,,
262,9556342.0,56.10000000000001,1.5,2.1999999999999997,,0.8999999999999999,,0.5,3.8,0.6,0.0,0.1,,9.0,0.6,,14.799999999999999,4.3999999999999995,0.6,0.1,,,1.4000000000000001,,0.1,,,2.9000000000000004,,0.0,0.3,,,,,,,,,,,,
263,9500197.0,2.8000000000000003,,2.8000000000000003,18.3,28.599999999999998,,,0.1,,,,,,9.9,0.2,1.4000000000000001,2.0,13.200000000000001,0.2,,,15.4,,,,,4.8,,,,,,,,,,0.1,,,,,
264,9563069.0,,,,41.3,18.2,,,,,,,,,,,,,8.4,,,,17.0,,,,,14.2,,,,,,,,,,0.8999999999999999,,,,,
265,9556717.0,36.3,1.6,25.900000000000002,,0.2,0.2,1.0,0.3,0.1,0.1,,,3.8,,,7.8,1.5,0.2,0.4,,,0.4,,0.2,,0.1,19.8,,,,,,,,,,,,,,,
266,9535855.0,6.3,2.8000000000000003,8.5,19.6,25.8,0.0,,0.7000000000000001,0.0,,0.1,,0.1,5.0,0.0,7.3,6.1,9.0,0.1,0.1,,7.3,,,,,0.8,,0.1,,,,,,,,0.1,,,,,
267,9500579.0,,,,,4.7,42.9,,3.0,,,,,3.8,1.0999999999999999,,,,0.8,3.9,12.6,,5.5,,,,,21.7,,,,,,,,,,,,,,,
268,9500202.0,,,0.6,0.2,6.2,1.3,0.2,4.3,0.1,0.2,,,7.8,2.3,0.3,3.6999999999999997,3.9,10.2,15.8,19.1,,10.8,0.3,0.3,,,12.3,0.1,,,,,,,,,,,,,,
269,9535593.0,,0.4,5.5,,73.6,,,2.0,,,,,,,4.3999999999999995,,3.8,3.4000000000000004,,3.3000000000000003,3.2,,,,,,,,,,,,,,,,0.3,,,,,
270,9563339.0,1.4000000000000001,,0.4,11.0,11.4,,,,,,,,,0.5,,,1.9,24.5,7.3,0.8999999999999999,,27.200000000000003,,,,,13.5,,,,,,,,,,,,,,,
271,9522096.0,8.0,,,,6.7,,,,,,,,,,,,0.2,1.7999999999999998,65.8,0.5,,5.3,0.2,,,,11.5,,,,,,,,,,,,,,,
272,9563148.0,5.3,0.7000000000000001,1.3,39.5,11.3,0.1,,0.2,,,,,,0.8,,,0.3,7.3,0.1,,,8.799999999999999,1.2,,,0.1,22.8,,,,,,,,,,,,,,,
273,9556687.0,14.299999999999999,4.2,,,1.5,0.1,0.5,12.5,7.199999999999999,0.5,2.1,,,15.6,,0.8999999999999999,1.0,0.7000000000000001,2.3,,,6.9,3.2,3.0,8.5,,9.1,,,4.7,,,,,,,,,1.0999999999999999,,,
274,9535478.0,0.3,,7.3999999999999995,,44.0,1.3,,0.3,0.1,,,,,,1.3,7.199999999999999,17.0,3.8,11.200000000000001,1.7999999999999998,3.6999999999999997,0.2,,,,,,0.1,,,,,,,,,0.0,,,,,
275,9563264.0,4.2,,0.8,28.199999999999996,23.799999999999997,,0.3,,,,,,,8.200000000000001,,1.0999999999999999,,12.5,,,,1.7000000000000002,,,,,19.3,,,,,,,,,,,,,,,
276,9556369.0,43.9,12.7,12.2,,3.8,,,,,,,,0.5,,,9.8,2.1,,3.5999999999999996,,,8.6,,,,,2.9000000000000004,,,,,,,,,,,,,,,
277,9556379.0,48.6,3.5000000000000004,2.8000000000000003,,2.8000000000000003,,,0.1,,,,,,,0.6,3.2,4.3999999999999995,9.2,4.0,1.7000000000000002,,7.8,1.0,,,,10.4,,,,,,,,,,,,,,,
278,9556667.0,37.1,12.9,,,1.9,,0.4,0.5,,,,,0.4,,,1.0,3.5999999999999996,14.099999999999998,,7.6,,12.3,0.1,,,,8.1,,,,,,,,,,,,,,,
279,9535530.0,5.4,0.1,1.0,,50.1,,,1.0,,,,,,,3.5999999999999996,2.8000000000000003,5.2,0.8999999999999999,12.7,0.8,12.1,,,,,2.7,,1.5,,,,,,,,0.2,,,,,,
280,9556426.0,53.2,3.9,2.6,,0.2,,0.4,1.4000000000000001,0.3,0.1,,,13.0,0.1,,10.299999999999999,8.1,0.2,0.3,,,1.9,,,,0.2,3.2,,,0.6,,,,,,,,,,,,
281,9535272.0,0.3,0.1,0.4,,51.7,0.4,,0.2,0.2,0.3,,,,,0.8,1.5,2.1999999999999997,1.6,27.900000000000002,2.0,8.3,,,,,,,1.7999999999999998,,,,,,,,,,,,,,
282,9563149.0,4.1000000000000005,2.3,1.6,6.2,6.6000000000000005,4.6,,0.3,,,,,,5.6000000000000005,,3.0,1.7000000000000002,17.1,4.6,10.9,,13.100000000000001,5.1,,,,11.5,,,,,,,,,1.9,,,,,,
283,9556706.0,38.7,2.8000000000000003,4.1000000000000005,3.5999999999999996,6.1,,0.2,2.0,0.0,,0.1,,0.6,0.8,,1.6,4.0,24.7,0.2,0.3,,5.1,0.5,,,,4.3,,,0.1,,,,,,,,,0.1,,,
284,9556372.0,45.4,0.7000000000000001,0.5,1.3,2.0,,0.3,5.6000000000000005,0.2,0.2,0.1,,0.2,2.8000000000000003,,1.0,1.3,8.6,0.3,0.3,,14.000000000000002,2.0,0.1,,,13.200000000000001,,,,,,,,,0.0,,,,,,
285,9556660.0,55.00000000000001,,4.3,,1.9,,,,,,,,,0.2,,7.7,8.799999999999999,5.3,2.3,7.3999999999999995,,2.4,1.6,,,,3.1,,,,,,,,,,,,,,,
286,9556539.0,28.4,11.899999999999999,,,6.0,,,0.5,,,,,0.2,,,0.1,4.8,13.8,6.9,3.3000000000000003,,14.499999999999998,0.7000000000000001,,,,8.7,,,,,,,,,,,,,,,
287,9501415.0,0.6,0.1,14.099999999999998,2.8000000000000003,5.4,36.1,,,,,,,,,,0.1,0.1,2.1999999999999997,11.899999999999999,0.4,,14.6,0.1,,,,5.800000000000001,,,,,,,,,,5.8999999999999995,,,,,
288,9563179.0,2.7,,0.0,27.400000000000002,7.8,,,,0.3,,,,,,,,,5.4,1.4000000000000001,,,12.4,0.4,,,,40.400000000000006,1.7999999999999998,,,,,,,,,,,,,,
289,9556590.0,30.8,3.9,17.2,1.0999999999999999,4.5,,0.5,2.7,0.1,0.8,,,5.4,0.3,,3.3000000000000003,3.9,9.4,0.8999999999999999,0.5,,11.799999999999999,0.1,0.1,,0.0,2.3,,,0.2,,,,,,,,,,,,
290,9500198.0,,,,,4.1000000000000005,12.1,,3.5999999999999996,,,,,,,,,,,43.3,22.900000000000002,,14.099999999999998,,,,,,,,,,,,,,,,,,,,
291,9563000.0,0.2,10.299999999999999,,5.3,3.4000000000000004,,,,,0.1,0.3,,0.5,0.7000000000000001,,8.200000000000001,4.3,14.099999999999998,3.6999999999999997,0.1,2.6,25.6,8.3,,,1.0,5.5,,,,,,,,,5.7,,,,,,
292,9562867.0,1.3,,,50.4,2.3,0.2,0.1,,,,,,,,,,0.5,2.0,,,,15.1,,,,,27.400000000000002,0.6,,,,,,,,,,,,,,
293,9556683.0,,,0.8999999999999999,2.9000000000000004,8.3,,,3.2,1.0999999999999999,,,,0.6,2.7,,0.1,,18.7,10.299999999999999,19.5,,29.799999999999997,,,,,2.1,,,,,,,,,,,,,,,
294,9556307.0,40.1,0.2,,,6.6000000000000005,,,1.0,,,,,,,,0.6,3.3000000000000003,6.0,0.7000000000000001,1.6,,11.1,2.3,,,,26.5,,,,,,,,,,,,,,,
295,9556544.0,2.4,,0.6,4.2,7.1,0.7000000000000001,,2.1,,0.4,1.9,,2.7,1.0999999999999999,,0.2,2.1999999999999997,33.2,4.3,16.3,,15.1,,,,,5.3,,,,,,,,,,,,,,,
296,9522092.0,2.1999999999999997,,,,11.4,,,0.1,,,,,,,,,0.8,3.0,62.8,1.0999999999999999,,4.3999999999999995,0.1,,,,14.099999999999998,,,,,,,,,,,,,,,
297,9501270.0,,,4.0,61.3,1.6,8.4,,,,,,,,,,,,12.1,,,,6.0,,,,,4.3999999999999995,,,,,,,,,,2.3,,,,,
298,9562835.0,3.0,1.7000000000000002,32.0,27.3,1.0,1.0,0.8,,,,,,,1.2,,,4.0,7.6,,0.2,,6.800000000000001,,,,,13.3,,,,,,,,,,0.2,,,,,
299,9556657.0,68.10000000000001,4.0,,1.7999999999999998,2.4,,0.4,7.1,1.5,0.5,2.4,,,1.0,,0.1,,3.9,,,,3.3000000000000003,,,,,3.5000000000000004,,,,,,,,,,,,,,,
300,9500119.0,,,,,16.2,23.1,,,,,,,,,0.3,1.6,,7.7,43.0,1.5,,,,,,,,6.6000000000000005,,,,,,,,,,,,,,
301,9562898.0,,22.7,4.1000000000000005,10.0,2.5,0.2,0.5,,0.4,,,,,0.8999999999999999,,4.8,0.8999999999999999,17.599999999999998,3.3000000000000003,0.6,3.3000000000000003,18.6,4.9,,,0.1,3.8,,,,,,,,,0.4,0.5,,,,,
302,9001250.0,,,,,10.299999999999999,0.8999999999999999,,1.2,,,,,,,5.5,1.6,6.3,1.0,8.7,1.9,3.3000000000000003,,,,,,,59.3,,,,,,,,,,,,,,
303,9556520.0,17.5,2.1999999999999997,,6.0,0.7000000000000001,,1.7000000000000002,14.899999999999999,9.700000000000001,0.1,1.5,,,5.5,,0.4,1.0,6.5,0.8999999999999999,0.1,,2.9000000000000004,,0.6,4.3999999999999995,,8.5,,9.1,3.4000000000000004,,,,,,,,,2.6,,,
304,9556542.0,14.399999999999999,13.100000000000001,24.3,,3.9,,0.6,0.7000000000000001,,0.3,,,1.5,0.8999999999999999,,6.2,2.8000000000000003,2.3,1.5,,,24.9,,0.8,,,1.7000000000000002,,,,0.2,,,,,,,,,,,
305,9556703.0,12.7,0.5,1.9,6.0,5.7,,0.1,2.8000000000000003,0.0,,0.1,,10.2,1.4000000000000001,,17.0,5.7,20.200000000000003,0.1,3.5000000000000004,,4.5,,,,,7.5,,,,,,,,,,,,,,,
306,9563090.0,0.3,49.4,5.6000000000000005,6.6000000000000005,2.9000000000000004,0.3,0.5,,,1.0,,0.8,,0.2,,0.4,1.3,2.1,,,,16.0,,,,0.3,12.0,,,0.4,,,,,,,,,,,,
307,9556343.0,6.6000000000000005,,,,5.5,,,,,,,,,,,,0.8,2.0,65.9,0.5,,4.1000000000000005,,,,,14.6,,,,,,,,,,,,,,,
308,9556358.0,47.099999999999994,17.5,0.2,,2.8000000000000003,,0.5,0.2,,,,,,,,2.1999999999999997,6.9,5.2,,1.4000000000000001,,8.200000000000001,1.2,,,,5.7,,,,,,,,,0.8999999999999999,,,,,,
309,9001249.0,0.4,,0.0,,21.4,2.4,,1.2,0.2,,,,0.5,,8.6,6.3,7.000000000000001,9.2,0.0,14.799999999999999,,,,,,,,27.900000000000002,,,,,,,,,,,,,,
310,9556691.0,54.7,9.5,0.5,2.9000000000000004,1.0,,0.7000000000000001,3.0,3.5000000000000004,,0.2,,,2.0,0.1,1.0,3.3000000000000003,6.2,2.1,0.7000000000000001,,3.6999999999999997,,,,,4.2,,0.1,0.3,0.0,,,,,,,,0.1,,,
311,9556567.0,19.1,0.1,0.6,6.2,4.3,,0.5,2.7,,,0.2,,2.9000000000000004,0.8,,4.9,13.0,13.5,3.9,7.7,,7.9,1.0999999999999999,0.2,,,10.6,,,,,,,,,,,,,,,
312,9556537.0,11.1,1.2,0.2,,3.1,,0.2,0.3,0.1,,,,,0.3,,1.0,2.5,18.9,34.300000000000004,6.2,,8.4,0.1,,,,12.1,,,,,,,,,,,,,,,
313,9500132.0,25.900000000000002,,0.3,,0.8,40.2,,,,,,,,,,2.3,3.0,2.5,12.0,5.800000000000001,,1.2,0.2,,,,4.9,,,,,,,,,,,0.8999999999999999,,,,
314,9563024.0,,36.4,,6.0,1.2,,0.7000000000000001,,0.8999999999999999,,,,,,,0.5,1.0,3.8,22.1,,,20.7,0.6,,,,3.5000000000000004,,,,,,,,,,2.5,,,,,
315,9556573.0,48.6,,5.3,,1.6,2.1999999999999997,0.2,1.0,,,,,,,,5.7,2.6,4.2,2.1,1.6,,11.1,0.2,,,,13.600000000000001,,,,,,,,,,,,,,,
316,9563314.0,,73.7,,,,,,,3.1,4.1000000000000005,,,,,,,,,,,,,,,,0.5,13.4,,,5.2,,,,,,,,,,,,
317,9556362.0,41.6,8.5,0.8,0.7000000000000001,0.6,,2.6,8.200000000000001,7.3999999999999995,,0.4,,,4.8,,1.6,0.3,4.3,2.9000000000000004,,,7.1,,0.8,0.3,,5.5,,,0.8,,,,,,,,,0.6,,,
318,9563207.0,4.1000000000000005,15.5,1.6,44.6,4.3999999999999995,,0.8,0.2,1.3,,,,,0.6,,0.7000000000000001,1.0999999999999999,2.9000000000000004,1.4000000000000001,,,5.4,,0.0,,2.5,11.4,0.2,,0.7000000000000001,,,,,,,0.7000000000000001,,,,,
319,9563290.0,2.3,30.099999999999998,0.5,25.3,4.5,,0.4,0.3,0.1,0.2,,0.1,,0.5,,1.9,0.2,3.4000000000000004,0.3,0.3,,5.800000000000001,0.1,,,0.8999999999999999,21.8,,,0.5,,,,,,,0.5,,,,,
320,9556624.0,19.7,2.4,2.7,8.1,9.3,,,2.1999999999999997,,,,,1.0999999999999999,0.1,,6.7,8.9,17.4,0.4,4.1000000000000005,,6.3,,,,,10.6,,,,,,,,,,,,,,,
321,9500640.0,,,2.0,,27.400000000000002,28.599999999999998,,,,,,,,,3.2,2.5,6.7,13.0,12.3,4.3,,,,,,,,,,,,,,,,,,,,,,
322,9556715.0,51.5,6.2,0.2,,0.2,,1.6,9.0,9.700000000000001,,0.6,,,4.5,,2.0,0.4,1.0999999999999999,0.0,,,2.4,,,0.5,,3.5000000000000004,,3.9,2.1999999999999997,,,,,,,,,0.5,,,
323,9556575.0,17.599999999999998,4.0,1.0999999999999999,7.3,3.8,1.6,,5.2,0.5,,0.3,,0.2,2.4,,6.3,11.700000000000001,22.2,1.5,1.2,,2.1,,,,0.1,10.8,,,,,,,,,,0.0,,,,,
324,9563291.0,5.2,27.6,1.0999999999999999,31.0,2.6,0.2,0.3,0.4,0.3,,0.3,,,1.0999999999999999,,0.7000000000000001,1.7000000000000002,1.0,,,,8.6,0.0,,0.2,,16.3,,,0.6,,,,,,,0.6,,,,,
325,9562915.0,2.0,6.2,0.6,59.9,4.0,1.0,0.2,0.1,0.1,,,,,0.3,,,3.5000000000000004,1.6,0.2,,,8.200000000000001,0.6,,,0.4,10.4,,,0.5,,,,,,,0.2,,,,,
326,9500779.0,1.7999999999999998,,,10.9,12.1,20.8,,,4.2,,,,,,,3.6999999999999997,,13.5,,0.5,,21.2,1.0999999999999999,,,,8.5,,,,,,,,,,1.7000000000000002,,,,,
327,9556421.0,38.0,10.2,,,,,5.800000000000001,13.100000000000001,,,,,,14.6,,5.800000000000001,,5.1,,,,,,,,,5.800000000000001,,,,,,,,,,,,1.5,,,
328,9556561.0,18.3,9.5,12.6,,3.1,0.4,1.6,4.6,6.1,1.2,0.2,,2.9000000000000004,3.0,,6.1,2.9000000000000004,4.3999999999999995,4.2,0.6,,11.200000000000001,0.5,0.4,0.8,0.1,2.7,,,2.1999999999999997,0.4,,,,,,,,0.1,,,
329,9500463.0,0.3,,5.4,,1.2,39.0,,0.1,,,,,,,,1.2,,11.5,6.5,16.6,,6.0,,,,,12.3,,,,,,,,,,,,,,,
330,9556465.0,44.9,3.2,6.1,0.5,3.2,0.6,0.1,2.1,0.1,,,,,,,3.5000000000000004,3.9,2.1,8.1,7.6,,4.1000000000000005,1.9,,,,7.199999999999999,0.4,,,0.1,,,,,,0.2,,,,,
331,9556501.0,48.0,4.7,7.000000000000001,1.3,3.8,,,2.4,0.1,0.5,,,0.0,,,2.8000000000000003,2.3,4.1000000000000005,1.7000000000000002,0.8,,7.9,2.5,,,0.7000000000000001,9.2,0.2,,,,,,,,,,,,,,
332,9556735.0,43.9,7.9,6.7,0.7000000000000001,3.5999999999999996,,0.3,1.5,0.6,0.1,,,1.0,0.2,,4.8,3.8,1.7000000000000002,3.6999999999999997,0.0,,12.9,0.3,,,,6.4,,,,,,,,,,,,,,,
333,9556446.0,21.6,18.7,5.4,,2.6,2.1,1.2,1.3,2.1,3.0,0.2,,0.5,4.2,,1.5,0.5,12.0,3.2,,,13.100000000000001,1.3,1.0,,,4.6,,,,,,,,,,,,,,,
334,9556487.0,33.6,8.0,8.799999999999999,0.1,1.7999999999999998,,1.0999999999999999,2.1999999999999997,0.6,0.7000000000000001,0.2,,2.3,,,8.799999999999999,3.3000000000000003,1.2,1.7000000000000002,0.2,,17.5,0.6,,,,6.6000000000000005,,,0.5,,,,,,,,,0.5,,,
335,9556650.0,26.900000000000002,17.299999999999997,5.1,0.5,0.1,,1.9,5.6000000000000005,7.199999999999999,3.1,0.0,,0.8,5.4,,1.2,0.8999999999999999,1.7000000000000002,0.8999999999999999,,,15.1,,0.7000000000000001,0.2,,3.4000000000000004,,,1.5,0.0,,,,,,0.2,,0.2,,,
336,9556338.0,28.7,13.8,2.5,,,,,1.9,6.1,8.799999999999999,2.5,,,3.3000000000000003,,,,,,,,16.3,,,,,9.6,,,1.9,2.1,,,,,,2.5,,,,,
337,9556312.0,37.8,12.7,7.199999999999999,1.4000000000000001,3.4000000000000004,,0.8,1.6,2.1,1.3,0.0,,1.6,0.8999999999999999,,3.8,2.3,1.0,2.3,0.4,,7.9,0.1,0.1,,,8.4,,0.0,1.7000000000000002,0.1,,,,,,0.8999999999999999,,0.1,,,
338,9556332.0,34.4,52.6,9.700000000000001,,0.3,,,,,,,,,,,,,,,,,1.0,,,,,,,,,,,,,,,1.9,,,,,
339,9556648.0,38.9,35.5,1.0999999999999999,,1.0999999999999999,,0.8,,2.5,,,,,0.4,,,,,,,,6.4,,0.1,,0.0,8.7,,,2.3,,,,,,,2.3,,,,,
340,9556733.0,26.3,41.6,,,,,,,,8.200000000000001,,,,1.6,,,5.2,,,,,,,11.5,,,0.8,,,1.0999999999999999,,,,,,,3.5999999999999996,,,,,
341,9556738.0,39.5,8.6,11.799999999999999,0.5,3.9,,1.6,5.3,2.0,0.8999999999999999,0.1,,0.1,1.0999999999999999,,0.8,3.5000000000000004,3.0,0.7000000000000001,,,1.7000000000000002,,0.2,,0.1,12.4,,,0.8,,,,,,,1.0,,0.4,,,
342,9556528.0,27.500000000000004,24.7,,,,,,,,1.7000000000000002,,,12.4,,,0.8999999999999999,,8.200000000000001,,,,,,,,,22.0,,,,,,,,,,2.7,,,,,
343,9556475.0,17.299999999999997,19.6,0.4,6.1,3.9,,,,1.4000000000000001,1.2,,,0.2,5.7,,,,16.8,,,,3.2,3.8,,,,15.1,,,,,,,,,,5.3,,,,,
344,9556692.0,37.9,6.800000000000001,19.5,0.0,2.8000000000000003,0.4,1.0999999999999999,1.3,0.3,,,,,0.4,,0.7000000000000001,3.4000000000000004,8.799999999999999,,3.4000000000000004,,0.2,,0.3,,0.1,11.600000000000001,,,,,,,,,,1.0999999999999999,,,,,
345,9501220.0,11.200000000000001,10.100000000000001,,,2.6,39.2,,,,,,,,,,,1.9,1.4000000000000001,,,,3.0,,,,13.4,13.4,,,,2.0,,,,,,1.7000000000000002,,,,,
346,9556554.0,53.2,9.1,6.5,0.3,3.3000000000000003,0.3,0.7000000000000001,,,0.8,,,0.4,,,4.9,4.3,4.1000000000000005,0.3,6.3,,1.2,,,,,3.3000000000000003,,,,,,,,,,1.0,,,,,
347,9556460.0,19.2,20.9,31.5,0.4,0.3,,3.1,5.3,1.2,4.3999999999999995,,,,,,3.2,2.3,1.0999999999999999,,,,,,,,1.3,1.4000000000000001,,,,,,,,,,4.5,,,,,
348,9556455.0,50.9,12.7,10.9,0.8,4.3,0.2,0.8,0.4,0.1,0.2,,,0.3,,,3.2,1.7000000000000002,4.5,,,,0.8,,,,0.7000000000000001,6.5,,,,,,,,,,0.8,,,,,
349,9556570.0,19.2,23.9,24.3,9.8,1.2,,1.0,,0.3,,,,1.0999999999999999,,,6.800000000000001,5.1,3.0,,,,,,,,,2.7,,,,,,,,,,1.7999999999999998,,,,,
350,9556576.0,22.7,19.2,14.000000000000002,4.1000000000000005,2.1999999999999997,0.1,0.6,0.2,0.5,0.5,,,4.3999999999999995,0.5,,17.1,6.7,2.3,,,,3.1,,,,0.0,0.3,,,,,,,,,,1.4000000000000001,,,,,
351,9500372.0,13.8,31.0,,,8.7,,,,1.9,,,,,,,9.2,1.0,2.0,,,,6.1,,,,,13.600000000000001,,,,,,,,,,11.4,,1.4000000000000001,,,
352,9563276.0,29.599999999999998,8.0,,1.6,4.7,,0.3,4.1000000000000005,2.8000000000000003,,2.6,,,0.8,,0.4,8.799999999999999,5.5,6.5,1.9,,6.5,,,,,14.299999999999999,,,,,,,,,,1.0999999999999999,,0.7000000000000001,,,
353,9563273.0,24.8,22.400000000000002,1.0999999999999999,2.5,6.800000000000001,1.3,0.6,0.6,1.6,0.4,,,,2.0,0.3,2.1999999999999997,9.9,8.4,0.3,1.7000000000000002,,3.3000000000000003,,,,,8.7,0.1,,,,,,,,,0.8,,,,,
354,9563282.0,40.300000000000004,20.5,3.1,2.8000000000000003,4.0,3.8,0.6,0.8,,,,,,3.5000000000000004,,4.5,4.9,7.5,,,,0.2,,,,0.3,3.1,,,,,,,,,,,,,,,
355,9562845.0,41.699999999999996,17.9,4.3,0.8,2.7,1.5,,0.6,,,,,,0.8,,1.5,6.0,15.8,0.3,,,0.4,,,,,5.4,,,,,,,,,,0.3,,,,,
356,9563045.0,24.6,3.5999999999999996,1.5,18.2,8.3,,0.5,0.4,,0.2,,,,0.2,,3.5999999999999996,8.9,8.6,0.2,0.4,,5.2,0.1,,,,14.799999999999999,,,,,,,,,,0.8,,,,,
357,9563331.0,24.7,0.8999999999999999,2.0,19.2,7.000000000000001,9.4,0.1,0.2,,,0.1,,,,,3.2,1.0999999999999999,12.9,,,,4.6,,,,,14.2,,,,,,,,,,0.6,,,,,
358,9501218.0,2.6,,1.3,10.9,7.5,55.400000000000006,,,,,1.9,,,,,0.1,0.1,3.0,,,,10.7,,,,,6.1,,,,,,,,,,0.5,,,,,
359,9562888.0,1.6,,,17.5,10.7,11.4,,,,,,,,,,0.4,2.8000000000000003,14.7,,,,26.200000000000003,2.1,,,,12.4,,,,,,,,,,0.3,,,,,
360,9500917.0,2.1,10.4,0.5,17.5,11.1,2.7,0.1,0.5,0.6,,,,,1.2,,1.5,0.5,16.1,2.0,0.3,,18.7,2.9000000000000004,,,0.3,10.100000000000001,,,0.3,,,,,,,0.2,,,,,
361,9500476.0,,0.7000000000000001,0.4,15.7,10.100000000000001,22.6,,,,,,,0.1,5.7,,,,10.8,,0.0,,18.0,0.1,,,,9.0,,,0.1,,,,,,,6.800000000000001,,,,,
362,9562939.0,,,,,,,6.0,4.6,,,,,,,,,31.1,0.3,,,,4.6,,,,,51.300000000000004,,,,,,,,,,2.0,,,,,
363,9562866.0,6.2,,0.1,12.8,3.9,0.3,0.1,0.2,,,,,,0.5,,,0.3,2.3,,0.3,,13.100000000000001,0.4,,,,59.199999999999996,,,,,,,,,,0.3,,,,,
364,9500177.0,0.0,,0.7000000000000001,3.2,14.899999999999999,,,,0.3,,,,,0.7000000000000001,,1.2,3.0,14.6,,,,48.4,0.3,,,,3.1,,,,,,,,,,9.6,,,,,
365,9535378.0,3.2,0.8,8.3,6.3,36.7,0.1,,0.5,0.5,,,,,4.1000000000000005,0.0,5.0,9.2,10.0,2.9000000000000004,1.2,0.4,8.799999999999999,,,,,0.3,,,,,,,,,,1.6,,,,,
366,9500931.0,0.1,,6.6000000000000005,2.1999999999999997,50.1,,,1.7000000000000002,,,,,,,,7.5,6.4,12.1,0.2,,,11.600000000000001,,,,,,,,,,,,,,,1.6,,,,,
367,9535662.0,1.6,,6.2,3.6999999999999997,38.2,,,0.2,,,,,,1.0,1.0,3.6999999999999997,2.4,28.499999999999996,1.4000000000000001,3.4000000000000004,0.8999999999999999,5.800000000000001,,,,,,0.6,,,,,,,,,1.3,,,,,
368,9500193.0,,,2.1999999999999997,,38.9,,,,,,,,,,0.3,0.8999999999999999,16.8,26.3,,,,14.2,,,,,,,,,,,,,,,0.3,,,,,
369,9535602.0,,0.4,2.3,0.3,45.7,,,1.5,,,,,,,0.8999999999999999,6.5,10.4,16.3,1.6,5.4,0.2,5.3,,,,0.8999999999999999,,0.5,,,,,,,,,1.7000000000000002,,,,,
370,9535268.0,1.0999999999999999,0.7000000000000001,13.0,1.0999999999999999,39.4,,,1.0999999999999999,0.6,,,,0.1,,,6.6000000000000005,7.3,14.399999999999999,5.800000000000001,6.3,0.7000000000000001,,,,,0.7000000000000001,,,,,,,,,,,1.0999999999999999,,,,,
371,9535195.0,0.3,5.7,13.4,2.1,42.4,,0.5,2.4,1.6,,,,0.3,0.2,0.3,5.1,4.3,12.0,0.8999999999999999,6.2,0.4,,,,,,0.3,0.1,,,,,,,,,1.4000000000000001,0.1,,,,
372,9535755.0,3.0,2.1999999999999997,3.5999999999999996,3.4000000000000004,49.2,,,1.5,1.3,,,,,1.0999999999999999,0.0,0.1,2.1,25.0,0.5,2.4,,,,0.0,,,2.0,,0.4,,,,,,,,2.1999999999999997,,,,,
373,9539414.0,0.2,20.3,8.4,0.5,22.3,,1.5,3.5999999999999996,0.6,0.1,,,0.1,0.1,1.9,12.9,4.9,8.4,0.5,6.3,,,,0.6,0.2,1.0999999999999999,0.6,,0.6,0.5,,,,,,,2.9000000000000004,1.0,,,,
374,9539612.0,,34.1,,,,,,9.8,,,,,17.299999999999997,,,32.800000000000004,,,,,,,,,,,,,,,,,,,,,5.2,0.8,,,,
375,9538536.0,2.9000000000000004,24.6,6.4,0.2,2.8000000000000003,,0.7000000000000001,2.3,,,,,18.3,0.2,0.4,22.5,7.9,4.3,0.3,0.3,0.5,,,,,,0.3,,0.2,,,,,,,,4.2,0.6,,,,
376,9539388.0,,53.800000000000004,,,4.3999999999999995,,0.7000000000000001,0.8,0.3,,,6.4,0.7000000000000001,1.9,,12.7,,1.7000000000000002,1.4000000000000001,1.0999999999999999,,,,,,,0.3,,,,0.4,,,,,,12.9,0.4,,,,
377,9539047.0,3.4000000000000004,21.6,,0.3,1.2,,1.0999999999999999,2.5,2.7,0.3,,10.4,17.0,1.3,0.1,14.799999999999999,11.4,1.0,0.1,3.1,0.4,,,,0.3,1.3,1.4000000000000001,,,0.1,,,,0.1,,,4.3,,,,,
378,9000134.0,2.9000000000000004,4.8,,,4.3999999999999995,,3.4000000000000004,3.8,6.3,2.8000000000000003,,9.0,,4.8,,19.900000000000002,2.8000000000000003,,,0.3,8.1,,,,,0.1,1.2,,1.2,0.5,,2.1999999999999997,1.3,20.1,1.3,,0.0,,,,,
379,9538563.0,2.1999999999999997,0.2,0.4,0.4,16.3,,4.5,15.0,3.5000000000000004,1.2,1.5,,0.7000000000000001,1.0999999999999999,0.2,8.6,5.7,1.4000000000000001,9.700000000000001,3.9,0.8999999999999999,7.000000000000001,0.1,0.2,0.1,,0.5,,,0.7000000000000001,0.2,0.7000000000000001,7.3999999999999995,4.3,7.3999999999999995,0.1,,0.6,0.3,0.5,0.2,0.2
380,9539091.0,,,,,,,,,,,,,,,,,,,,,,,,,,,,,,,,,,,,,,,,,,
